date,equity
2012/1/3,21500
2012/1/4,21500
2012/1/5,21500
2012/1/6,21500
2012/1/9,21500
2012/1/10,21500
2012/1/11,21500
2012/1/12,21500
2012/1/13,21500
2012/1/17,21500
2012/1/18,21500
2012/1/19,21500
2012/1/20,21500
2012/1/23,21500
2012/1/24,21500
2012/1/25,21500
2012/1/26,21500
2012/1/27,21500
2012/1/30,21500
2012/1/31,21500
2012/2/1,23000
2012/2/2,23000
2012/2/3,23000
2012/2/6,23000
2012/2/7,23000
2012/2/8,23000
2012/2/9,23000
2012/2/10,23000
2012/2/13,23000
2012/2/14,23000
2012/2/15,23000
2012/2/16,23000
2012/2/17,23000
2012/2/21,23000
2012/2/22,23000
2012/2/23,23000
2012/2/24,23000
2012/2/27,23000
2012/2/28,23000
2012/2/29,23000
2012/3/1,24500
2012/3/2,24500
2012/3/5,24500
2012/3/6,24500
2012/3/7,24500
2012/3/8,24500
2012/3/9,24500
2012/3/12,24500
2012/3/13,24500
2012/3/14,24500
2012/3/15,24500
2012/3/16,24500
2012/3/19,24500
2012/3/20,24500
2012/3/21,24500
2012/3/22,24500
2012/3/23,24500
2012/3/26,24500
2012/3/27,24500
2012/3/28,24500
2012/3/29,24500
2012/3/30,24500
2012/4/2,26000
2012/4/3,26000
2012/4/4,26000
2012/4/5,26000
2012/4/9,26000
2012/4/10,26000
2012/4/11,26034.98013
2012/4/12,26084.63145
2012/4/13,25998.53882
2012/4/16,25925.63757
2012/4/17,26052.5658
2012/4/18,26049.72581
2012/4/19,25981.19982
2012/4/20,25958.57261
2012/4/23,25896.97318
2012/4/24,25833.93346
2012/4/25,26049.88665
2012/4/26,26083.91182
2012/4/27,26107.50093
2012/4/30,26101.78991
2012/5/1,27613.1733
2012/5/2,27623.81641
2012/5/3,27598.3704
2012/5/4,27390.74064
2012/5/7,27451.75957
2012/5/8,27421.65932
2012/5/9,27417.07043
2012/5/10,27383.3206
2012/5/11,22414.80875
2012/5/14,22273.11045
2012/5/15,22230.11215
2012/5/16,22124.10868
2012/5/17,21830.10882
2012/5/18,21650.1087
2012/5/21,22012.11508
2012/5/22,21995.11345
2012/5/23,22021.11042
2012/5/24,21937.11022
2012/5/25,21911.11353
2012/5/29,22081.11037
2012/5/30,21966.11183
2012/5/31,21900.11204
2012/6/1,23042.10881
2012/6/4,23132.10886
2012/6/5,23191.11031
2012/6/6,23488.1151
2012/6/7,23436.11201
2012/6/8,23571.11681
2012/6/11,23345.11345
2012/6/12,23487.11661
2012/6/13,23396.10861
2012/6/14,23447.1135
2012/6/15,23617.11033
2012/6/18,23740.11486
2012/6/19,23901.11414
2012/6/20,23919.11491
2012/6/21,23539.11183
2012/6/22,23685.11776
2012/6/25,23398.11725
2012/6/26,23486.11086
2012/6/27,23571.119
2012/6/28,23401.1125
2012/6/29,23846.11037
2012/7/2,25386.11383
2012/7/3,25506.11425
2012/7/5,25524.11424
2012/7/6,25320.11418
2012/7/9,25303.11284
2012/7/10,25151.11585
2012/7/11,25085.11577
2012/7/12,24948.11425
2012/7/13,25148.1112
2012/7/16,25112.11095
2012/7/17,25185.11911
2012/7/18,25382.11084
2012/7/19,25546.11726
2012/7/20,25346.11116
2012/7/23,25161.11913
2012/7/24,25051.11959
2012/7/25,24946.12915
2012/7/26,25126.12758
2012/7/27,25488.10578
2012/7/30,25457.1223
2012/7/31,25460.11921
2012/8/1,26910.12445
2012/8/2,26857.12412
2012/8/3,27142.12769
2012/8/6,27261.13084
2012/8/7,27395.12711
2012/8/8,27386.12296
2012/8/9,27433.12462
2012/8/10,27456.12686
2012/8/13,27490.12975
2012/8/14,27498.12688
2012/8/15,27538.13028
2012/8/16,27742.1298
2012/8/17,27823.12536
2012/8/20,27846.12684
2012/8/21,27777.13156
2012/8/22,27841.1252
2012/8/23,27708.12712
2012/8/24,27812.12358
2012/8/27,27841.1252
2012/8/28,27840.21243
2012/8/29,27842.26623
2012/8/30,27659.45114
2012/8/31,27783.44051
2012/9/4,29258.4718
2012/9/5,29231.48617
2012/9/6,29620.45244
2012/9/7,29593.46492
2012/9/10,29363.48901
2012/9/11,29337.49332
2012/9/12,29389.48685
2012/9/13,29630.48437
2012/9/14,29791.48579
2012/9/17,29803.48738
2012/9/18,29815.48715
2012/9/19,29858.48548
2012/9/20,29843.4903
2012/9/21,29843.4903
2012/9/24,29723.49041
2012/9/25,29467.48723
2012/9/26,29306.48545
2012/9/27,29559.49372
2012/9/28,29410.49222
2012/10/1,30884.48552
2012/10/2,30923.49184
2012/10/3,31038.48619
2012/10/4,31110.4893
2012/10/5,31002.49467
2012/10/8,30839.49917
2012/10/9,30531.5029
2012/10/10,30462.49792
2012/10/11,30412.50156
2012/10/12,30411.50306
2012/10/15,30522.49816
2012/10/16,30769.49657
2012/10/17,30751.49673
2012/10/18,30549.50279
2012/10/19,30137.49946
2012/10/22,30220.50117
2012/10/23,30061.49638
2012/10/24,30009.50301
2012/10/25,30009.50301
2012/10/26,30063.50311
2012/10/31,29962.50156
2012/11/1,31679.49985
2012/11/2,31484.49481
2012/11/5,31610.49484
2012/11/6,31642.5011
2012/11/7,31262.4949
2012/11/8,31032.49812
2012/11/9,31083.50301
2012/11/12,31090.50136
2012/11/13,30987.50281
2012/11/14,30821.49968
2012/11/15,30781.49657
2012/11/16,30831.50296
2012/11/19,31154.49472
2012/11/20,31155.50294
2012/11/21,31189.49647
2012/11/23,31411.4964
2012/11/26,31476.49827
2012/11/27,31418.49504
2012/11/28,31554.49834
2012/11/29,31644.49811
2012/11/30,31625.49977
2012/12/3,33099.5028
2012/12/4,33065.49954
2012/12/5,32904.49834
2012/12/6,32997.50276
2012/12/7,32909.49998
2012/12/10,32954.49472
2012/12/11,33151.49647
2012/12/12,33115.49641
2012/12/13,32996.49518
2012/12/14,32850.49838
2012/12/17,33045.50284
2012/12/18,33286.5016
2012/12/19,33208.50159
2012/12/20,33212.49502
2012/12/21,33045.50285
2012/12/24,33001.49688
2012/12/26,32879.5
2012/12/27,32851.49688
2012/12/28,32706.49852
2012/12/31,33023.49987
2013/1/2,35006.4949
2013/1/3,34924.50142
2013/1/4,34869.50283
2013/1/7,34875.50296
2013/1/8,34843.4967
2013/1/9,34899.50294
2013/1/10,34997.49984
2013/1/11,35018.49517
2013/1/14,34945.49675
2013/1/15,34862.50384
2013/1/16,34924.50978
2013/1/17,35010.50519
2013/1/18,34978.51461
2013/1/22,35001.51974
2013/1/23,35093.51656
2013/1/24,34864.51962
2013/1/25,34946.51311
2013/1/28,34986.51597
2013/1/29,34986.51598
2013/1/30,34955.51794
2013/1/31,34919.51769
2013/2/1,36602.51329
2013/2/4,36309.52108
2013/2/5,36549.52085
2013/2/6,36496.51926
2013/2/7,36510.51596
2013/2/8,36682.51951
2013/2/11,36680.51279
2013/2/12,36612.516
2013/2/13,36679.51486
2013/2/14,36667.51459
2013/2/15,36617.51764
2013/2/19,36743.51766
2013/2/20,36474.51966
2013/2/21,36291.52575
2013/2/22,36451.51915
2013/2/25,36242.51765
2013/2/26,36307.51895
2013/2/27,36473.52235
2013/2/28,36452.51788
2013/3/1,38010.52055
2013/3/4,38083.51899
2013/3/5,38335.51902
2013/3/6,38297.52235
2013/3/7,38349.52545
2013/3/8,38356.52409
2013/3/11,38418.52074
2013/3/12,38344.52382
2013/3/13,38325.52548
2013/3/14,38386.52421
2013/3/15,38329.51947
2013/3/18,38288.51758
2013/3/19,38264.5176
2013/3/20,38377.51942
2013/3/21,38184.52054
2013/3/22,38345.52231
2013/3/25,38284.52416
2013/3/26,38375.52249
2013/3/27,38407.51935
2013/3/28,38442.52161
2013/4/1,39824.51987
2013/4/2,39959.52464
2013/4/3,39797.52451
2013/4/4,39800.52001
2013/4/5,39654.52315
2013/4/8,39743.52443
2013/4/9,39859.52117
2013/4/10,40211.52484
2013/4/11,40200.52306
2013/4/12,40193.52443
2013/4/15,39807.5278
2013/4/16,40056.5232
2013/4/17,39693.52805
2013/4/18,39440.51978
2013/4/19,39672.52299
2013/4/22,39851.52461
2013/4/23,40028.5195
2013/4/24,40013.52431
2013/4/25,40113.52793
2013/4/26,40060.52634
2013/4/29,40225.52153
2013/4/30,40365.49298
2013/5/1,41782.5319
2013/5/2,42015.44634
2013/5/3,42248.27187
2013/5/6,42337.43736
2013/5/7,42320.50102
2013/5/8,42429.48774
2013/5/9,42404.51257
2013/5/10,42524.49911
2013/5/13,42552.54925
2013/5/14,42658.54696
2013/5/15,42712.5515
2013/5/16,42685.56091
2013/5/17,42892.54393
2013/5/20,42858.57442
2013/5/21,42886.58061
2013/5/22,42702.57835
2013/5/23,42622.58133
2013/5/24,42618.57818
2013/5/28,42768.57819
2013/5/29,42656.57486
2013/5/30,42775.57682
2013/5/31,42563.5796
2013/6/3,44105.57999
2013/6/4,43996.95836
2013/6/5,43723.14803
2013/6/6,43807.12992
2013/6/7,44097.81976
2013/6/10,44101.01882
2013/6/11,43891.16797
2013/6/12,43647.21733
2013/6/13,43891.17726
2013/6/14,43767.2123
2013/6/17,43959.21177
2013/6/18,44127.19206
2013/6/19,43898.22897
2013/6/20,43378.24302
2013/6/21,43286.23682
2013/6/24,43087.23844
2013/6/25,43220.23709
2013/6/26,43394.23707
2013/6/27,43467.2355
2013/6/28,43485.23534
2013/7/1,45127.23878
2013/7/2,45130.24343
2013/7/3,45222.24019
2013/7/5,45374.23719
2013/7/8,45397.23867
2013/7/9,45525.78561
2013/7/10,45646.85521
2013/7/11,46095.22224
2013/7/12,46175.28507
2013/7/15,46240.288
2013/7/16,46210.94828
2013/7/17,46268.22026
2013/7/18,46211.4832
2013/7/19,45973.36877
2013/7/22,46028.54675
2013/7/23,45857.67031
2013/7/24,45928.66261
2013/7/25,46065.64329
2013/7/26,46193.62613
2013/7/29,46157.70151
2013/7/30,46273.69727
2013/7/31,46323.69886
2013/8/1,48066.69115
2013/8/2,48203.69235
2013/8/5,48221.71187
2013/8/6,48072.71061
2013/8/7,48025.70915
2013/8/8,48134.70783
2013/8/9,48045.70599
2013/8/12,48096.71059
2013/8/13,48229.44217
2013/8/14,48141.30343
2013/8/15,47733.56098
2013/8/16,47706.70063
2013/8/19,47677.09913
2013/8/20,47783.60444
2013/8/21,47705.58211
2013/8/22,47928.12924
2013/8/23,48096.435
2013/8/26,48105.40005
2013/8/27,47588.54089
2013/8/28,47688.49181
2013/8/29,47850.31632
2013/8/30,47701.68865
2013/9/3,49330.82691
2013/9/4,49590.7571
2013/9/5,49626.80539
2013/9/6,49656.85353
2013/9/9,49948.86562
2013/9/10,50078.87554
2013/9/11,50034.88501
2013/9/12,49995.8808
2013/9/13,50023.88392
2013/9/16,49950.88549
2013/9/17,50111.0407
2013/9/18,50397.06933
2013/9/19,50474.78021
2013/9/20,50390.22913
2013/9/23,50352.24973
2013/9/24,50356.5725
2013/9/25,50279.66537
2013/9/26,50470.88216
2013/9/27,50434.27921
2013/9/30,50388.05821
2013/10/1,52140.82369
2013/10/2,52128.88468
2013/10/3,51826.79105
2013/10/4,52048.10799
2013/10/7,51834.06814
2013/10/8,51331.34408
2013/10/9,51238.56788
2013/10/10,51767.25788
2013/10/11,51965.87205
2013/10/14,52155.07713
2013/10/15,52057.34514
2013/10/16,52369.36487
2013/10/17,52522.64339
2013/10/18,52978.30755
2013/10/21,53057.59825
2013/10/22,53083.25546
2013/10/23,53002.43704
2013/10/24,53078.13067
2013/10/25,53183.14681
2013/10/28,53218.93597
2013/10/29,53249.43638
2013/10/30,53248.41705
2013/10/31,53228.06622
2013/11/1,54735.00974
2013/11/4,54789.62576
2013/11/5,54819.32452
2013/11/6,54822.42395
2013/11/7,54492.08275
2013/11/8,54731.13641
2013/11/11,54742.94959
2013/11/12,54784.07839
2013/11/13,54962.63664
2013/11/14,55000.88703
2013/11/15,55032.92706
2013/11/18,54989.91109
2013/11/19,54968.26484
2013/11/20,54958.10712
2013/11/21,55094.13779
2013/11/22,55125.21953
2013/11/25,55128.05937
2013/11/26,55128.05937
2013/11/27,55128.05937
2013/11/29,55128.05937
2013/12/2,56628.05937
2013/12/3,56628.05937
2013/12/4,56628.05937
2013/12/5,56628.05937
2013/12/6,56628.05937
2013/12/9,56628.05937
2013/12/10,56628.05937
2013/12/11,56628.05937
2013/12/12,56628.05937
2013/12/13,56628.05937
2013/12/16,56628.05937
2013/12/17,56628.05937
2013/12/18,56628.05937
2013/12/19,56628.05937
2013/12/20,56628.05937
2013/12/23,56628.05937
2013/12/24,56628.05937
2013/12/26,56628.05937
2013/12/27,56628.05937
2013/12/30,56628.05937
2013/12/31,56628.05937
2014/1/2,58128.05937
2014/1/3,58128.05937
2014/1/6,58128.05937
2014/1/7,58128.05937
2014/1/8,58128.05937
2014/1/9,58128.05937
2014/1/10,58128.05937
2014/1/13,58128.05937
2014/1/14,58218.10018
2014/1/15,58241.08763
2014/1/16,58246.92077
2014/1/17,58235.33624
2014/1/21,58259.51426
2014/1/22,58264.08786
2014/1/23,58261.57199
2014/1/24,53507.41264
2014/1/27,53332.78212
2014/1/28,53329.90304
2014/1/29,53148.02741
2014/1/30,53440.15112
2014/1/31,53398.27206
2014/2/3,54510.63973
2014/2/4,54615.76032
2014/2/5,54563.88221
2014/2/6,54773.0037
2014/2/7,55074.12704
2014/2/10,55181.48907
2014/2/11,55389.61228
2014/2/12,55418.73322
2014/2/13,55580.85332
2014/2/14,55598.9775
2014/2/18,55700.09873
2014/2/19,55555.11191
2014/2/20,55649.11471
2014/2/21,55615.1162
2014/2/24,55730.12159
2014/2/25,55706.12414
2014/2/26,55684.1217
2014/2/27,55814.12457
2014/2/28,55780.12246
2014/3/3,57133.12356
2014/3/4,57397.12293
2014/3/5,57453.12469
2014/3/6,57427.12336
2014/3/7,57329.12657
2014/3/10,57343.12329
2014/3/11,57259.12309
2014/3/12,57334.12309
2014/3/13,57047.12644
2014/3/14,56914.1232
2014/3/17,57083.12669
2014/3/18,57317.12632
2014/3/19,57206.12664
2014/3/20,57258.12516
2014/3/21,57013.12318
2014/3/24,56851.12347
2014/3/25,56909.12835
2014/3/26,56668.13352
2014/3/27,56560.1348
2014/3/28,56599.13525
2014/3/31,56719.1354
2014/4/1,58552.13067
2014/4/2,58603.13154
2014/4/3,58449.13644
2014/4/4,57943.13582
2014/4/7,57767.13895
2014/4/8,57926.13915
2014/4/9,58226.1391
2014/4/10,57658.13627
2014/4/11,57463.13581
2014/4/14,57584.13934
2014/4/15,57639.13736
2014/4/16,57855.13773
2014/4/17,57858.1378
2014/4/21,57989.13946
2014/4/22,58134.13782
2014/4/23,57969.13748
2014/4/24,58143.13745
2014/4/25,57850.13609
2014/4/28,57912.13731
2014/4/29,58041.12033
2014/4/30,58094.12973
2014/5/1,59648.14411
2014/5/2,59618.15545
2014/5/5,59704.16841
2014/5/6,59467.17253
2014/5/7,59414.17676
2014/5/8,59394.17512
2014/5/9,59462.17717
2014/5/12,59749.17372
2014/5/13,59762.17719
2014/5/14,59670.17534
2014/5/15,59529.17556
2014/5/16,59640.17524
2014/5/19,59770.17383
2014/5/20,59702.17704
2014/5/21,59875.17394
2014/5/22,59953.17401
2014/5/23,60096.17538
2014/5/27,60341.17679
2014/5/28,60277.17399
2014/5/29,60413.17729
2014/5/30,60407.17715
2014/6/2,61890.17524
2014/6/3,61880.39092
2014/6/4,61952.35442
2014/6/5,62131.02162
2014/6/6,62244.8335
2014/6/9,62232.31761
2014/6/10,62273.3655
2014/6/11,62262.4887
2014/6/12,62074.74582
2014/6/13,62122.76224
2014/6/16,62148.82514
2014/6/17,62158.83796
2014/6/18,62287.83293
2014/6/19,62259.84592
2014/6/20,62285.85318
2014/6/23,62293.85469
2014/6/24,62273.85817
2014/6/25,62404.85531
2014/6/26,62424.85678
2014/6/27,62497.85522
2014/6/30,62552.8584
2014/7/1,64303.85537
2014/7/2,64333.85548
2014/7/3,64482.85699
2014/7/7,64406.85849
2014/7/8,64135.40862
2014/7/9,64305.9586
2014/7/10,64233.6314
2014/7/11,64367.09118
2014/7/14,64516.08188
2014/7/15,64433.17344
2014/7/16,64522.15105
2014/7/17,64205.24902
2014/7/18,64566.18489
2014/7/21,64537.23715
2014/7/22,64695.22234
2014/7/23,64847.19754
2014/7/24,64818.22569
2014/7/25,64717.24788
2014/7/28,64727.25951
2014/7/29,64686.25908
2014/7/30,64783.25753
2014/7/31,64283.26085
2014/8/1,65694.259
2014/8/4,65850.25914
2014/8/5,65668.25745
2014/8/6,65655.25925
2014/8/7,65582.26082
2014/8/8,65742.25895
2014/8/11,65881.25775
2014/8/12,65863.34963
2014/8/13,66115.89277
2014/8/14,66239.57912
2014/8/15,66350.23006
2014/8/18,66549.73985
2014/8/19,66694.78692
2014/8/20,66695.22824
2014/8/21,66744.18617
2014/8/22,66778.29724
2014/8/25,66875.73375
2014/8/26,66905.91339
2014/8/27,66907.2983
2014/8/28,66871.80069
2014/8/29,66974.59121
2014/9/2,68549.3227
2014/9/3,68395.59389
2014/9/4,68367.63611
2014/9/5,68503.62763
2014/9/8,68548.65789
2014/9/9,68330.66185
2014/9/10,68533.65887
2014/9/11,68526.66023
2014/9/12,68385.66044
2014/9/15,68120.66162
2014/9/16,68346.54734
2014/9/17,68389.19657
2014/9/18,68572.60143
2014/9/19,68555.09393
2014/9/22,68321.68406
2014/9/23,68247.47199
2014/9/24,68523.86461
2014/9/25,67962.64401
2014/9/26,68228.5507
2014/9/29,68201.27633
2014/9/30,68233.64533
2014/10/1,69320.71116
2014/10/2,69316.78116
2014/10/3,69564.5431
2014/10/6,69506.85666
2014/10/7,69150.89791
2014/10/8,69616.82902
2014/10/9,69191.89994
2014/10/10,68584.89874
2014/10/13,68233.89873
2014/10/14,68246.90208
2014/10/15,68093.90201
2014/10/16,67984.89875
2014/10/17,68254.89864
2014/10/20,68563.89884
2014/10/21,69137.06225
2014/10/22,69016.52677
2014/10/23,69366.94657
2014/10/24,69549.202
2014/10/27,69586.9632
2014/10/28,69939.92256
2014/10/29,69852.64586
2014/10/30,69907.23038
2014/10/31,70238.64498
2014/11/3,71839.93234
2014/11/4,71756.91376
2014/11/5,71761.15718
2014/11/6,71838.22029
2014/11/7,71822.63447
2014/11/10,71924.76233
2014/11/11,72013.07381
2014/11/12,72066.70937
2014/11/13,72184.59548
2014/11/14,72272.88957
2014/11/17,72205.91782
2014/11/18,72417.79329
2014/11/19,72301.65463
2014/11/20,72431.65643
2014/11/21,72503.92836
2014/11/24,72728.0417
2014/11/25,72757.09876
2014/11/26,72884.54343
2014/11/28,72986.39693
2014/12/1,74288.84842
2014/12/2,74367.29079
2014/12/3,74432.4392
2014/12/4,74426.41838
2014/12/5,74441.90316
2014/12/8,74337.11055
2014/12/9,74414.46904
2014/12/10,74059.54872
2014/12/11,74187.7052
2014/12/12,73932.51047
2014/12/15,73693.57321
2014/12/16,73252.83763
2014/12/17,73710.57887
2014/12/18,74307.64959
2014/12/19,74410.34209
2014/12/22,74533.31973
2014/12/23,74472.56566
2014/12/24,74510.84497
2014/12/26,74730.06707
2014/12/29,74740.64238
2014/12/30,74622.04327
2014/12/31,74430.87294
2015/1/2,75890.11481
2015/1/5,75566.98259
2015/1/6,75251.56623
2015/1/7,75555.98257
2015/1/8,75980.94679
2015/1/9,75846.76175
2015/1/12,75633.10416
2015/1/13,75635.79686
2015/1/14,75508.81423
2015/1/15,75165.57468
2015/1/16,75466.56601
2015/1/20,75670.92471
2015/1/21,75810.68428
2015/1/22,76291.39866
2015/1/23,76357.78454
2015/1/26,76371.20676
2015/1/27,75623.41064
2015/1/28,75465.61437
2015/1/29,75726.61813
2015/1/30,75513.62112
2015/2/2,77251.61989
2015/2/3,77459.74422
2015/2/4,77448.0346
2015/2/5,77639.5817
2015/2/6,77515.48815
2015/2/9,77454.75643
2015/2/10,77790.29202
2015/2/11,77874.68176
2015/2/12,78092.58426
2015/2/13,78236.81776
2015/2/17,78303.57855
2015/2/18,78338.97619
2015/2/19,78422.05807
2015/2/20,78513.1168
2015/2/23,78572.36815
2015/2/24,78595.06627
2015/2/25,78584.60255
2015/2/26,78648.1207
2015/2/27,78625.91148
2015/3/2,80238.49442
2015/3/3,80231.94311
2015/3/4,80233.3963
2015/3/5,80262.55193
2015/3/6,80216.9531
2015/3/9,80286.68198
2015/3/10,80286.68198
2015/3/11,80243.43037
2015/3/12,80305.60813
2015/3/13,80288.12809
2015/3/16,80401.33549
2015/3/17,80424.42645
2015/3/18,80479.39286
2015/3/19,80499.42838
2015/3/20,80530.06235
2015/3/23,80543.8148
2015/3/24,80540.02677
2015/3/25,80426.85394
2015/3/26,80416.78343
2015/3/27,80448.00626
2015/3/30,80527.16184
2015/3/31,80488.75221
2015/4/1,81966.19545
2015/4/2,81983.62648
2015/4/6,82055.69637
2015/4/7,82061.75994
2015/4/8,82075.6873
2015/4/9,82078.19612
2015/4/10,82078.38813
2015/4/13,82078.38984
2015/4/14,82078.38984
2015/4/15,82078.38984
2015/4/16,82078.38984
2015/4/17,82078.38984
2015/4/20,82177.2311
2015/4/21,82200.34307
2015/4/22,82222.32661
2015/4/23,82242.22223
2015/4/24,82263.45936
2015/4/27,82266.81742
2015/4/28,82273.16335
2015/4/29,82269.09951
2015/4/30,82240.77918
2015/5/1,83767.00717
2015/5/4,83774.20976
2015/5/5,83752.53867
2015/5/6,83737.02154
2015/5/7,83757.34612
2015/5/8,83775.10776
2015/5/11,83778.14284
2015/5/12,83778.24265
2015/5/13,83780.39192
2015/5/14,83782.30546
2015/5/15,83782.3656
2015/5/18,83782.38473
2015/5/19,83782.38473
2015/5/20,83782.38473
2015/5/21,83782.38473
2015/5/22,83782.38473
2015/5/26,83782.38473
2015/5/27,83782.38473
2015/5/28,83782.38473
2015/5/29,83782.38473
2015/6/1,85282.38473
2015/6/2,85282.38473
2015/6/3,85282.38473
2015/6/4,85282.38473
2015/6/5,85282.38473
2015/6/8,85202.90141
2015/6/9,85213.91158
2015/6/10,85331.39548
2015/6/11,85352.63867
2015/6/12,85289.98864
2015/6/15,85277.63291
2015/6/16,85330.34096
2015/6/17,85363.16744
2015/6/18,85440.44202
2015/6/19,85424.06071
2015/6/22,85470.47104
2015/6/23,85477.56116
2015/6/24,85478.79217
2015/6/25,85477.72924
2015/6/26,85462.06017
2015/6/29,85286.25144
2015/6/30,85350.2159
2015/7/1,86926.06702
2015/7/2,86947.76505
2015/7/6,86992.49157
2015/7/7,87008.09124
2015/7/8,86925.36458
2015/7/9,86921.55057
2015/7/10,87123.07257
2015/7/13,87296.64141
2015/7/14,87349.67153
2015/7/15,87367.90168
2015/7/16,87428.98215
2015/7/17,87473.5263
2015/7/20,87490.39858
2015/7/21,87492.38696
2015/7/22,87479.81243
2015/7/23,87476.48451
2015/7/24,87458.33805
2015/7/27,87446.7707
2015/7/28,87480.41095
2015/7/29,87493.40469
2015/7/30,87504.82263
2015/7/31,87507.89018
2015/8/3,89014.01041
2015/8/4,89015.95258
2015/8/5,89018.20764
2015/8/6,89017.41878
2015/8/7,89019.44256
2015/8/10,89022.61665
2015/8/11,89022.61665
2015/8/12,89051.31702
2015/8/13,89056.83579
2015/8/14,89075.88036
2015/8/17,89139.34652
2015/8/18,89115.62625
2015/8/19,89080.12348
2015/8/20,88739.07684
2015/8/21,87825.60235
2015/8/24,86843.86849
2015/8/25,86743.83247
2015/8/26,87760.65898
2015/8/27,88269.9132
2015/8/28,88281.41382
2015/8/31,88071.77963
2015/9/1,88843.8986
2015/9/2,89453.27202
2015/9/3,89340.86623
2015/9/4,89081.56329
2015/9/8,89788.2264
2015/9/9,89512.56394
2015/9/10,89798.6569
2015/9/11,89959.4823
2015/9/14,89897.42714
2015/9/15,89897.42714
2015/9/16,89897.42714
2015/9/17,89897.42714
2015/9/18,89897.42714
2015/9/21,89897.42714
2015/9/22,89897.42714
2015/9/23,89897.42714
2015/9/24,89897.42714
2015/9/25,89897.42714
2015/9/28,89897.42714
2015/9/29,89897.42714
2015/9/30,89897.42714
2015/10/1,91397.42714
2015/10/2,91397.42714
2015/10/5,91397.42714
2015/10/6,91397.42714
2015/10/7,91397.42714
2015/10/8,91397.42714
2015/10/9,91397.42714
2015/10/12,91397.42714
2015/10/13,91397.42714
2015/10/14,91397.42714
2015/10/15,91397.42714
2015/10/16,91397.42714
2015/10/19,91397.42714
2015/10/20,91397.42714
2015/10/21,91397.42714
2015/10/22,91397.42714
2015/10/23,91397.42714
2015/10/26,91397.42714
2015/10/27,91397.42714
2015/10/28,91397.42714
2015/10/29,91397.42714
2015/10/30,91397.42714
2015/11/2,92897.42714
2015/11/3,92897.42714
2015/11/4,92897.42714
2015/11/5,92897.42714
2015/11/6,92897.42714
2015/11/9,92897.42714
2015/11/10,92897.42714
2015/11/11,92897.42714
2015/11/12,92897.42714
2015/11/13,92897.42714
2015/11/16,93065.73283
2015/11/17,93090.8916
2015/11/18,93254.78997
2015/11/19,93316.85994
2015/11/20,93399.88434
2015/11/23,93414.64088
2015/11/24,93451.55287
2015/11/25,93469.77208
2015/11/27,93485.10997
2015/11/30,93499.36423
2015/12/1,95025.49391
2015/12/2,95025.62805
2015/12/3,95000.07009
2015/12/4,95031.41433
2015/12/7,95036.10631
2015/12/8,95037.31063
2015/12/9,95033.13224
2015/12/10,95036.91255
2015/12/11,95018.59441
2015/12/14,95038.47834
2015/12/15,95038.70363
2015/12/16,95038.70372
2015/12/17,95038.70372
2015/12/18,94816.74573
2015/12/21,94976.66109
2015/12/22,95052.82668
2015/12/23,95132.55568
2015/12/24,95140.47492
2015/12/28,95216.83926
2015/12/29,95312.61866
2015/12/30,95282.79044
2015/12/31,95196.94127
2016/1/4,96510.37356
2016/1/5,96489.34769
2016/1/6,96356.04366
2016/1/7,95626.0368
2016/1/8,95435.67371
2016/1/11,95526.66076
2016/1/12,95818.31174
2016/1/13,94858.72921
2016/1/14,95404.44416
2016/1/15,94575.00103
2016/1/19,94606.55827
2016/1/20,94606.55827
2016/1/21,94606.55827
2016/1/22,94606.55827
2016/1/25,94606.55827
2016/1/26,94606.55827
2016/1/27,94606.55827
2016/1/28,94606.55827
2016/1/29,94606.55827
2016/2/1,96106.55827
2016/2/2,96106.55827
2016/2/3,96106.55827
2016/2/4,96106.55827
2016/2/5,96106.55827
2016/2/8,96106.55827
2016/2/9,96106.55827
2016/2/10,96106.55827
2016/2/11,96106.55827
2016/2/12,96106.55827
2016/2/16,96106.55827
2016/2/17,96106.55827
2016/2/18,96106.55827
2016/2/19,96106.55827
2016/2/22,96106.55827
2016/2/23,96106.55827
2016/2/24,96106.55827
2016/2/25,96106.55827
2016/2/26,96106.55827
2016/2/29,96106.55827
2016/3/1,97606.55827
2016/3/2,97606.55827
2016/3/3,97606.55827
2016/3/4,97606.55827
2016/3/7,97606.55827
2016/3/8,97606.55827
2016/3/9,97606.55827
2016/3/10,97606.55827
2016/3/11,97606.55827
2016/3/14,97606.55827
2016/3/15,97606.55827
2016/3/16,97606.55827
2016/3/17,97606.55827
2016/3/18,97606.55827
2016/3/21,97606.55827
2016/3/22,97606.55827
2016/3/23,97606.55827
2016/3/24,97606.55827
2016/3/28,97606.55827
2016/3/29,97606.55827
2016/3/30,97606.55827
2016/3/31,97606.55827
2016/4/1,99106.55827
2016/4/4,99106.55827
2016/4/5,99106.55827
2016/4/6,99106.55827
2016/4/7,99106.55827
2016/4/8,99106.55827
2016/4/11,99106.55827
2016/4/12,99106.55827
2016/4/13,99106.55827
2016/4/14,99106.55827
2016/4/15,99106.55827
2016/4/18,99106.55827
2016/4/19,99106.55827
2016/4/20,99106.55827
2016/4/21,99106.55827
2016/4/22,99106.55827
2016/4/25,99106.55827
2016/4/26,99106.55827
2016/4/27,99065.75778
2016/4/28,98947.27859
2016/4/29,98908.93394
2016/5/2,100537.4223
2016/5/3,100458.2514
2016/5/4,100380.4316
2016/5/5,100388.2619
2016/5/6,100513.9929
2016/5/9,100591.8802
2016/5/10,100742.9591
2016/5/11,100657.0364
2016/5/12,100611.5564
2016/5/13,100575.1334
2016/5/16,100767.0884
2016/5/17,100635.6096
2016/5/18,100702.5225
2016/5/19,100643.2512
2016/5/20,100796.769
2016/5/23,100832.9294
2016/5/24,100955.1635
2016/5/25,100969.4943
2016/5/26,100972.3665
2016/5/27,100973.045
2016/5/31,100973.0584
2016/6/1,102473.0584
2016/6/2,102473.0584
2016/6/3,102473.0584
2016/6/6,102473.0584
2016/6/7,102473.0584
2016/6/8,102473.0584
2016/6/9,102473.0584
2016/6/10,102473.0584
2016/6/13,102473.0584
2016/6/14,102479.255
2016/6/15,102467.787
2016/6/16,102488.2875
2016/6/17,102401.8444
2016/6/20,102466.7619
2016/6/21,102494.864
2016/6/22,102489.2906
2016/6/23,102559.3095
2016/6/24,102106.0215
2016/6/27,101805.5669
2016/6/28,102132.435
2016/6/29,102339.8459
2016/6/30,102454.3369
2016/7/1,103994.98
2016/7/5,104002.3306
2016/7/6,104059.7253
2016/7/7,104083.829
2016/7/8,104118.4244
2016/7/11,104128.2712
2016/7/12,104129.2181
2016/7/13,104129.3253
2016/7/14,104129.3522
2016/7/15,104129.3523
2016/7/18,104129.3523
2016/7/19,104129.3523
2016/7/20,104129.3523
2016/7/21,104129.3523
2016/7/22,104129.3523
2016/7/25,104129.3523
2016/7/26,104129.3523
2016/7/27,104129.3523
2016/7/28,104129.3523
2016/7/29,104129.3523
2016/8/1,105629.3523
2016/8/2,105629.3523
2016/8/3,105629.3523
2016/8/4,105629.3523
2016/8/5,105629.3523
2016/8/8,105629.3523
2016/8/9,105629.3523
2016/8/10,105629.3523
2016/8/11,105629.3523
2016/8/12,105629.3523
2016/8/15,105629.3523
2016/8/16,105629.3523
2016/8/17,105629.3523
2016/8/18,105629.3523
2016/8/19,105629.3523
2016/8/22,105629.3523
2016/8/23,105629.3523
2016/8/24,105629.3523
2016/8/25,105629.3523
2016/8/26,105629.3523
2016/8/29,105629.3523
2016/8/30,105629.3523
2016/8/31,105629.3523
2016/9/1,107129.3523
2016/9/2,107129.3523
2016/9/6,107129.3523
2016/9/7,107129.3523
2016/9/8,107129.3523
2016/9/9,107129.3523
2016/9/12,107258.9362
2016/9/13,107215.4896
2016/9/14,107249.236
2016/9/15,107318.3905
2016/9/16,107326.2147
2016/9/19,107326.8969
2016/9/20,107338.2592
2016/9/21,107364.9069
2016/9/22,107380.5445
2016/9/23,107391.9904
2016/9/26,107392.9088
2016/9/27,107397.0089
2016/9/28,107397.5645
2016/9/29,107397.2562
2016/9/30,107397.7477
2016/10/3,108897.8596
2016/10/4,108897.8675
2016/10/5,108897.8777
2016/10/6,108897.8787
2016/10/7,108897.8789
2016/10/10,108897.879
2016/10/11,108897.879
2016/10/12,108897.879
2016/10/13,108871.7848
2016/10/14,108883.9906
2016/10/17,108882.6277
2016/10/18,108949.7682
2016/10/19,108955.7383
2016/10/20,108952.7013
2016/10/21,108977.5371
2016/10/24,109029.0932
2016/10/25,109024.5957
2016/10/26,109009.4681
2016/10/27,108995.7007
2016/10/28,108971.4204
2016/10/31,108980.6416
2016/11/1,110439.0831
2016/11/2,110352.6109
2016/11/3,110208.1349
2016/11/4,110142.1962
2016/11/7,110487.6263
2016/11/8,110528.5824
2016/11/9,110545.3682
2016/11/10,110487.6073
2016/11/11,110505.0276
2016/11/14,110499.9967
2016/11/15,110709.2757
2016/11/16,110777.9931
2016/11/17,110856.6985
2016/11/18,110830.3601
2016/11/21,110930.6977
2016/11/22,110958.6235
2016/11/23,110940.7779
2016/11/25,110975.8322
2016/11/28,110989.259
2016/11/29,111012.6284
2016/11/30,110954.487
2016/12/1,112255.0344
2016/12/2,112287.9622
2016/12/5,112418.5845
2016/12/6,112454.4858
2016/12/7,112538.8801
2016/12/8,112565.748
2016/12/9,112585.9237
2016/12/12,112592.9441
2016/12/13,112596.7182
2016/12/14,112597.7232
2016/12/15,112598.6794
2016/12/16,112599.624
2016/12/19,112600.5685
2016/12/20,112600.5685
2016/12/21,112600.5685
2016/12/22,112600.5685
2016/12/23,112600.5685
2016/12/27,112600.5685
2016/12/28,112600.5685
2016/12/29,112600.5685
2016/12/30,112600.5685
2017/1/3,114177.3553
2017/1/4,114210.6911
2017/1/5,114237.552
2017/1/6,114262.2337
2017/1/9,114276.1536
2017/1/10,114281.1162
2017/1/11,114287.3071
2017/1/12,109658.3309
2017/1/13,109738.3716
2017/1/17,109667.5347
2017/1/18,109714.5748
2017/1/19,109694.6143
2017/1/20,109739.655
2017/1/23,109752.7728
2017/1/24,109900.8139
2017/1/25,110112.8538
2017/1/26,110142.8914
2017/1/27,110177.9311
2017/1/30,110003.0506
2017/1/31,109961.0878
2017/2/1,111600.1287
2017/2/2,111581.1349
2017/2/3,111646.1358
2017/2/6,111674.142
2017/2/7,111752.1421
2017/2/8,111795.1441
2017/2/9,111875.1434
2017/2/10,111952.1426
2017/2/13,112090.1427
2017/2/14,112165.1427
2017/2/15,112304.1435
2017/2/16,112297.1429
2017/2/17,112400.1437
2017/2/21,112532.1443
2017/2/22,112533.1451
2017/2/23,112442.144
2017/2/24,112487.1439
2017/2/27,112512.1446
2017/2/28,112446.1448
2017/3/1,114216.1447
2017/3/2,114080.1443
2017/3/3,114124.1434
2017/3/6,114065.1439
2017/3/7,114023.2477
2017/3/8,114066.2524
2017/3/9,114092.2729
2017/3/10,114185.2285
2017/3/13,114235.3237
2017/3/14,114171.3948
2017/3/15,114321.3436
2017/3/16,114316.3797
2017/3/17,114295.4151
2017/3/20,114321.4584
2017/3/21,113932.4805
2017/3/22,114096.4814
2017/3/23,114028.4815
2017/3/24,114074.4823
2017/3/27,114119.4826
2017/3/28,114279.4836
2017/3/29,114394.4818
2017/3/30,114438.4832
2017/3/31,114417.4834
2017/4/3,115898.4827
2017/4/4,115938.4833
2017/4/5,115837.4817
2017/4/6,115844.4826
2017/4/7,115834.4816
2017/4/10,115844.4826
2017/4/11,115734.9207
2017/4/12,115621.1857
2017/4/13,115520.323
2017/4/17,115720.3297
2017/4/18,115695.3761
2017/4/19,115725.3891
2017/4/20,115934.2927
2017/4/21,115930.3433
2017/4/24,116251.2169
2017/4/25,116453.9664
2017/4/26,116413.1744
2017/4/27,116575.9894
2017/4/28,116630.0266
2017/5/1,118369.9947
2017/5/2,118428.0583
2017/5/3,118331.3431
2017/5/4,118341.4053
2017/5/5,118447.4083
2017/5/8,118506.4726
2017/5/9,118615.4757
2017/5/10,118631.4743
2017/5/11,118607.475
2017/5/12,118672.4763
2017/5/15,118766.4746
2017/5/16,118883.133
2017/5/17,118157.6594
2017/5/18,118391.8937
2017/5/19,118506.129
2017/5/22,118753.1809
2017/5/23,118778.9591
2017/5/24,118910.7985
2017/5/25,119155.509
2017/5/26,119198.8811
2017/5/30,119237.0282
2017/5/31,119230.1746
2017/6/1,120846.5936
2017/6/2,121150.964
2017/6/5,121170.3715
2017/6/6,121076.4435
2017/6/7,121183.5386
2017/6/8,121216.9706
2017/6/9,120474.2328
2017/6/12,120288.7653
2017/6/13,120525.7352
2017/6/14,120386.7912
2017/6/15,120248.7924
2017/6/16,120127.7941
2017/6/19,120610.7942
2017/6/20,120419.5378
2017/6/21,120676.7753
2017/6/22,120671.9608
2017/6/23,120773.742
2017/6/26,120668.8353
2017/6/27,120138.8524
2017/6/28,120519.7977
2017/6/29,120031.6958
2017/6/30,120001.2657
2017/7/3,121245.9501
2017/7/5,121513.4651
2017/7/6,121260.7543
2017/7/7,121541.9371
2017/7/10,121746.9736
2017/7/11,121828.8609
2017/7/12,122175.6325
2017/7/13,122245.3928
2017/7/14,122478.6056
2017/7/17,122505.2406
2017/7/18,122712.359
2017/7/19,122904.439
2017/7/20,122957.5318
2017/7/21,122954.0697
2017/7/24,123102.7454
2017/7/25,123070.1532
2017/7/26,123137.104
2017/7/27,123025.2106
2017/7/28,123011.5094
2017/7/31,122944.5613
2017/8/1,124502.1186
2017/8/2,124565.4458
2017/8/3,124496.5535
2017/8/4,124535.7601
2017/8/7,124693.634
2017/8/8,124678.2743
2017/8/9,124660.3129
2017/8/10,124085.9614
2017/8/11,124294.9625
2017/8/14,124644.2055
2017/8/15,124672.5236
2017/8/16,124750.9662
2017/8/17,124170.8853
2017/8/18,124140.8427
2017/8/21,124132.4037
2017/8/22,124583.9546
2017/8/23,124474.1637
2017/8/24,124387.765
2017/8/25,124316.1393
2017/8/28,124409.1407
2017/8/29,124508.5987
2017/8/30,124750.9607
2017/8/31,124938.4625
2017/9/1,126444.7915
2017/9/5,126310.7218
2017/9/6,126379.3829
2017/9/7,126430.5027
2017/9/8,126299.7121
2017/9/11,126545.988
2017/9/12,126612.9965
2017/9/13,126651.7839
2017/9/14,126556.9843
2017/9/15,126623.296
2017/9/18,126659.4792
2017/9/19,126705.0041
2017/9/20,126666.3832
2017/9/21,126530.635
2017/9/22,126523.4128
2017/9/25,126252.0663
2017/9/26,126330.6402
2017/9/27,126613.8886
2017/9/28,126609.6723
2017/9/29,126841.3904
2017/10/2,128385.1474
2017/10/3,128437.4669
2017/10/4,128469.3238
2017/10/5,128631.7542
2017/10/6,128659.0394
2017/10/9,128672.8681
2017/10/10,128691.5885
2017/10/11,128739.0711
2017/10/12,128724.6053
2017/10/13,128780.4217
2017/10/16,128845.0262
2017/10/17,128865.3864
2017/10/18,128862.6526
2017/10/19,128834.1808
2017/10/20,128869.8597
2017/10/23,128833.596
2017/10/24,128866.3803
2017/10/25,128828.2074
2017/10/26,128796.4517
2017/10/27,129006.204
2017/10/30,129023.3665
2017/10/31,129026.9659
2017/11/1,130528.4087
2017/11/2,130529.5037
2017/11/3,130530.4844
2017/11/6,130531.4454
2017/11/7,130531.4454
2017/11/8,130531.4454
2017/11/9,130531.4454
2017/11/10,130531.4454
2017/11/13,130531.4454
2017/11/14,130531.4454
2017/11/15,130531.4454
2017/11/16,130531.4454
2017/11/17,130531.4454
2017/11/20,130531.4454
2017/11/21,130531.4454
2017/11/22,130531.4454
2017/11/24,130531.4454
2017/11/27,130531.4454
2017/11/28,130531.4454
2017/11/29,130531.4454
2017/11/30,130531.4454
2017/12/1,132031.4454
2017/12/4,132031.4454
2017/12/5,132040.3622
2017/12/6,132073.8737
2017/12/7,132096.1333
2017/12/8,132119.3807
2017/12/11,132151.4602
2017/12/12,132151.3523
2017/12/13,132157.3078
2017/12/14,132158.8205
2017/12/15,132173.406
2017/12/18,132179.3234
2017/12/19,132178.4239
2017/12/20,132178.6117
2017/12/21,132179.1396
2017/12/22,132179.3954
2017/12/26,132180.2143
2017/12/27,132180.561
2017/12/28,132180.8595
2017/12/29,132180.6444
2018/1/2,133681.1335
2018/1/3,133681.1335
2018/1/4,133681.1335
2018/1/5,133681.1335
2018/1/8,133681.1335
2018/1/9,133681.1335
2018/1/10,133681.1335
2018/1/11,133681.1335
2018/1/12,133681.1335
2018/1/16,133681.1335
2018/1/17,133681.1335
2018/1/18,133681.1335
2018/1/19,133681.1335
2018/1/22,133681.1335
2018/1/23,133681.1335
2018/1/24,133681.1335
2018/1/25,133681.1335
2018/1/26,133681.1335
2018/1/29,133681.1335
2018/1/30,133681.1335
2018/1/31,133681.1335
2018/2/1,135181.1335
2018/2/2,135181.1335
2018/2/5,134335.5399
2018/2/6,134826.5452
2018/2/7,134569.6537
2018/2/8,133291.3997
2018/2/9,133743.71
2018/2/12,134252.2515
2018/2/13,134365.1766
2018/2/14,134752.6658
2018/2/15,135012.3474
2018/2/16,134984.083
2018/2/20,135089.4769
2018/2/21,135074.4398
2018/2/22,135097.3055
2018/2/23,135279.7256
2018/2/26,135364.2848
2018/2/27,135338.3448
2018/2/28,135324.2314
2018/3/1,136722.9246
2018/3/2,136826.024
2018/3/5,136891.8127
2018/3/6,136893.2209
2018/3/7,136893.2258
2018/3/8,136893.2258
2018/3/9,136893.2258
2018/3/12,136893.2258
2018/3/13,136893.2258
2018/3/14,136893.2258
2018/3/15,136893.2258
2018/3/16,136893.2258
2018/3/19,136893.2258
2018/3/20,136951.2464
2018/3/21,136898.0888
2018/3/22,136419.8918
2018/3/23,135727.213
2018/3/26,136547.0127
2018/3/27,135750.2387
2018/3/28,135452.2185
2018/3/29,135937.0957
2018/4/2,136631.3597
2018/4/3,136975.7128
2018/4/4,137433.0683
2018/4/5,137600.2313
2018/4/6,136872.1287
2018/4/9,137147.796
2018/4/10,137785.6244
2018/4/11,137664.9546
2018/4/12,138011.6875
2018/4/13,137921.9393
2018/4/16,138263.9142
2018/4/17,138763.1903
2018/4/18,138866.1414
2018/4/19,138798.2557
2018/4/20,138468.8467
2018/4/23,138431.8641
2018/4/24,137914.1057
2018/4/25,137969.7613
2018/4/26,138457.3152
2018/4/27,138510.0717
2018/4/30,138417.2055
2018/5/1,140190.2885
2018/5/2,140082.2464
2018/5/3,140112.4868
2018/5/4,140549.8056
2018/5/7,140857.6127
2018/5/8,140889.6318
2018/5/9,141119.2215
2018/5/10,141366.015
2018/5/11,141387.392
2018/5/14,141501.3008
2018/5/15,141385.0365
2018/5/16,141510.1191
2018/5/17,141502.7104
2018/5/18,141463.805
2018/5/21,141658.813
2018/5/22,141684.3463
2018/5/23,141784.8656
2018/5/24,132081.4376
2018/5/25,132095.4375
2018/5/29,132024.4376
2018/5/30,132141.4374
2018/5/31,132129.4377
2018/6/1,133889.4376
2018/6/4,134039.4379
2018/6/5,134101.4378
2018/6/6,134201.4378
2018/6/7,134058.4379
2018/6/8,134054.4378
2018/6/11,134101.438
2018/6/12,134197.4379
2018/6/13,134190.4379
2018/6/14,134377.4378
2018/6/15,134314.4381
2018/6/18,134300.4377
2018/6/19,134244.438
2018/6/20,134374.4379
2018/6/21,134210.438
2018/6/22,134148.4381
2018/6/25,133758.4379
2018/6/26,133821.438
2018/6/27,133589.4381
2018/6/28,133725.4377
2018/6/29,133751.438
2018/7/2,135379.4378
2018/7/3,135178.438
2018/7/5,135385.438
2018/7/6,135648.4381
2018/7/9,135818.4378
2018/7/10,135833.4379
2018/7/11,135741.4377
2018/7/12,136047.4379
2018/7/13,136066.4381
2018/7/16,136022.4379
2018/7/17,136142.4376
2018/7/18,136100.4377
2018/7/19,136003.4376
2018/7/20,135994.438
2018/7/23,136050.4377
2018/7/24,136133.4379
2018/7/25,136408.4379
2018/7/26,136108.4379
2018/7/27,135834.4378
2018/7/30,135563.4378
2018/7/31,135683.4379
2018/8/1,137267.4379
2018/8/2,137515.4379
2018/8/3,137573.4381
2018/8/6,137693.4378
2018/8/7,137758.4379
2018/8/8,137776.438
2018/8/9,137770.4382
2018/8/10,137613.4382
2018/8/13,137594.438
2018/8/14,137715.4379
2018/8/15,137472.4379
2018/8/16,137531.4383
2018/8/17,137530.438
2018/8/20,137517.4376
2018/8/21,137584.4381
2018/8/22,137660.4376
2018/8/23,137627.4382
2018/8/24,137810.4376
2018/8/27,138014.4377
2018/8/28,138045.4382
2018/8/29,138290.4379
2018/8/30,138249.4375
2018/8/31,138270.4382
2018/9/4,139684.4381
2018/9/5,139400.4377
2018/9/6,139213.4382
2018/9/7,139147.4379
2018/9/10,139205.438
2018/9/11,139353.4376
2018/9/12,139294.438
2018/9/13,139494.438
2018/9/14,139441.4381
2018/9/17,139150.4377
2018/9/18,139307.4377
2018/9/19,139292.4376
2018/9/20,139504.4378
2018/9/21,139393.4378
2018/9/24,139452.4382
2018/9/25,139480.438
2018/9/26,139473.4381
2018/9/27,139665.4379
2018/9/28,139654.4378
2018/10/1,141195.4382
2018/10/2,141154.4378
2018/10/3,141175.4377
2018/10/4,140768.4378
2018/10/5,140515.4379
2018/10/8,140399.4379
2018/10/9,140448.4381
2018/10/10,139617.4379
2018/10/11,139391.4377
2018/10/12,139843.4378
2018/10/15,139624.4379
2018/10/16,140105.438
2018/10/17,140125.4377
2018/10/18,139703.438
2018/10/19,139680.438
2018/10/22,139765.4379
2018/10/23,139702.4378
2018/10/24,138932.4377
2018/10/25,139434.4378
2018/10/26,139015.4379
2018/10/29,138749.4379
2018/10/30,138931.4379
2018/10/31,139261.4378
2018/11/1,140989.4381
2018/11/2,140745.4378
2018/11/5,140694.438
2018/11/6,140803.438
2018/11/7,141287.438
2018/11/8,141189.4381
2018/11/9,140902.4378
2018/11/12,140431.4379
2018/11/13,140429.4378
2018/11/14,140305.438
2018/11/15,140560.438
2018/11/16,140505.438
2018/11/19,140029.4378
2018/11/20,139780.4382
2018/11/21,139875.4379
2018/11/23,139779.438
2018/11/26,140070.438
2018/11/27,140117.4381
2018/11/28,140551.438
2018/11/29,140505.4382
2018/11/30,140609.4379
2018/12/3,142369.4381
2018/12/4,141783.4381
2018/12/6,141852.438
2018/12/7,141381.4381
2018/12/10,141517.4381
2018/12/11,141565.4381
2018/12/12,141679.438
2018/12/13,141680.4382
2018/12/14,141330.4382
2018/12/17,141053.4382
2018/12/18,141120.438
2018/12/19,140825.4379
2018/12/20,140673.4383
2018/12/21,140322.438
2018/12/24,140079.438
2018/12/26,140626.4374
2018/12/27,140677.4373
2018/12/28,140662.4378
2018/12/31,140744.438
2019/1/2,142297.438
2019/1/3,141933.4381
2019/1/4,142367.438
2019/1/7,142489.4382
2019/1/8,142603.4382
2019/1/9,142699.4381
2019/1/10,142739.4382
2019/1/11,142689.4382
2019/1/14,142581.4381
2019/1/15,142805.4382
2019/1/16,142811.438
2019/1/17,142911.438
2019/1/18,143031.4381
2019/1/22,142783.4381
2019/1/23,142787.4382
2019/1/24,142862.4382
2019/1/25,143016.4379
2019/1/28,142851.4381
2019/1/29,142729.4445
2019/1/30,143043.4411
2019/1/31,143241.4388
2019/2/1,144681.4428
2019/2/4,144851.4451
2019/2/5,144978.4451
2019/2/6,144939.4463
2019/2/7,144739.447
2019/2/8,144763.4469
2019/2/11,144752.447
2019/2/12,144956.4471
2019/2/13,144966.4469
2019/2/14,144984.447
2019/2/15,145043.447
2019/2/19,145073.4473
2019/2/20,145069.4472
2019/2/21,145012.4472
2019/2/22,145120.447
2019/2/25,145176.4472
2019/2/26,145192.4472
2019/2/27,145176.4472
2019/2/28,145144.4472
2019/3/1,146746.4473
2019/3/4,146747.4471
2019/3/5,146760.4486
2019/3/6,146670.4505
2019/3/7,146483.4522
2019/3/8,146455.4528
2019/3/11,146762.4527
2019/3/12,146847.4527
2019/3/13,146962.4528
2019/3/14,146938.4527
2019/3/15,147072.4527
2019/3/18,147122.4527
2019/3/19,147178.4528
2019/3/20,147241.4526
2019/3/21,147505.4529
2019/3/22,147115.4527
2019/3/25,147080.4529
2019/3/26,147156.4527
2019/3/27,147046.4529
2019/3/28,147081.4527
2019/3/29,147206.4527
2019/4/1,148929.4527
2019/4/2,148994.4528
2019/4/3,149097.4527
2019/4/4,149088.4527
2019/4/5,149179.4527
2019/4/8,149227.4526
2019/4/9,149159.4526
2019/4/10,149258.4528
2019/4/11,149211.4526
2019/4/12,149287.4529
2019/4/15,149292.4528
2019/4/16,149353.4528
2019/4/17,149416.4526
2019/4/18,149436.4526
2019/4/22,149490.4527
2019/4/23,149735.4524
2019/4/24,149670.453
2019/4/25,149744.4528
2019/4/26,149768.4526
2019/4/29,149804.4527
2019/4/30,149649.4524
2019/5/1,151073.4529
2019/5/2,150993.4526
2019/5/3,151297.4527
2019/5/6,151176.4528
2019/5/7,150790.4527
2019/5/8,150735.4528
2019/5/9,150637.4529
2019/5/10,150654.4527
2019/5/13,150022.4527
2019/5/14,150194.4528
2019/5/15,150429.4527
2019/5/16,150613.4527
2019/5/17,150424.4528
2019/5/20,150129.4527
2019/5/21,150297.4527
2019/5/22,150222.4527
2019/5/23,149954.4527
2019/5/24,149946.4529
2019/5/28,149888.4527
2019/5/29,149754.4527
2019/5/30,149816.4526
2019/5/31,149562.4529
2019/6/3,150741.4526
2019/6/4,151122.4527
2019/6/5,151234.4526
2019/6/6,151354.4527
2019/6/7,151657.4526
2019/6/10,151862.4529
2019/6/11,151884.4526
2019/6/12,151785.4528
2019/6/13,151879.4527
2019/6/14,151803.4528
2019/6/17,151908.4528
2019/6/18,152162.4529
2019/6/19,152234.4526
2019/6/20,152404.4527
2019/6/21,152375.4526
2019/6/24,152373.4529
2019/6/25,152049.4528
2019/6/26,152125.4526
2019/6/27,152191.4526
2019/6/28,152217.4528
2019/7/1,153963.4531
2019/7/2,154041.4529
2019/7/3,154185.4524
2019/7/5,154142.4524
2019/7/8,154003.4525
2019/7/9,154100.4526
2019/7/10,154294.4528
2019/7/11,154276.4528
2019/7/12,154389.4525
2019/7/15,154447.4527
2019/7/16,154349.4524
2019/7/17,154248.4529
2019/7/18,154277.453
2019/7/19,154114.4525
2019/7/22,154269.4528
2019/7/23,154399.4524
2019/7/24,154545.453
2019/7/25,154345.4531
2019/7/26,154547.4527
2019/7/29,154482.4527
2019/7/30,154389.4527
2019/7/31,154100.4527
2019/8/1,155508.4529
2019/8/2,155212.453
2019/8/5,154564.4531
2019/8/6,154791.4527
2019/8/7,154875.4527
2019/8/8,155261.4528
2019/8/9,155077.4528
2019/8/12,154875.4527
2019/8/13,155258.4529
2019/8/14,154701.453
2019/8/15,154677.4528
2019/8/16,154937.453
2019/8/19,155213.4528
2019/8/20,155086.4528
2019/8/21,155240.4529
2019/8/22,155180.453
2019/8/23,154618.4528
2019/8/26,154844.453
2019/8/27,154809.4528
2019/8/28,154867.453
2019/8/29,155132.4527
2019/8/30,155089.4532
2019/9/3,156413.453
2019/9/4,156660.4531
2019/9/5,156998.4532
2019/9/6,156980.4532
2019/9/9,156939.4532
2019/9/10,156886.453
2019/9/11,157057.4529
2019/9/12,157138.4534
2019/9/13,157068.4529
2019/9/16,156978.4528
2019/9/17,157063.4534
2019/9/18,157059.4533
2019/9/19,157088.4534
2019/9/20,156882.4529
2019/9/23,156888.453
2019/9/24,156637.4532
2019/9/25,156832.4529
2019/9/26,156769.4532
2019/9/27,156543.4529
2019/9/30,156703.4532
2019/10/1,158054.4531
2019/10/2,157746.4533
2019/10/3,157934.453
2019/10/4,158182.453
2019/10/7,158125.453
2019/10/8,157848.4534
2019/10/9,158024.4532
2019/10/10,158155.4533
2019/10/11,158384.453
2019/10/14,158391.453
2019/10/15,158632.453
2019/10/16,158583.4532
2019/10/17,158628.4529
2019/10/18,158439.4533
2019/10/21,158608.4532
2019/10/22,158456.4535
2019/10/23,158486.4531
2019/10/24,158671.4529
2019/10/25,158822.4531
2019/10/28,159029.4531
2019/10/29,158868.4531
2019/10/30,158964.453
2019/10/31,158969.4533
2019/11/1,160657.453
2019/11/4,160784.4534
2019/11/5,160793.454
2019/11/6,160747.4559
2019/11/7,160820.4564
2019/11/8,160906.4566
2019/11/11,160875.4565
2019/11/12,160935.4564
2019/11/13,160924.4563
2019/11/14,160922.4567
2019/11/15,161061.4566
2019/11/18,161100.4566
2019/11/19,161131.4571
2019/11/20,160998.4569
2019/11/21,160940.4567
2019/11/22,160960.4564
2019/11/25,161217.4564
2019/11/26,161263.457
2019/11/27,161419.4568
2019/11/29,161314.4565
2019/12/2,162564.4565
2019/12/3,162395.457
2019/12/4,162504.4566
2019/12/5,162543.4566
2019/12/6,162775.4566
2019/12/9,162680.4569
2019/12/10,162663.457
2019/12/11,162778.4564
2019/12/12,162955.4569
2019/12/13,163026.4568
2019/12/16,163255.4569
2019/12/17,163266.4569
2019/12/18,163285.4564
2019/12/19,163453.4564
2019/12/20,163553.4564
2019/12/23,163616.4569
2019/12/24,163624.4563
2019/12/26,163847.4567
2019/12/27,163821.4565
2019/12/30,163646.4565
2019/12/31,163695.457
2020/1/2,165624.4563
2020/1/3,165377.457
2020/1/6,165545.457
2020/1/7,165534.457
2020/1/8,165741.4569
2020/1/9,165973.4569
2020/1/10,165896.4565
2020/1/13,166223.4569
2020/1/14,166110.4576
2020/1/15,166116.4584
2020/1/16,166383.4572
2020/1/17,166530.4567
2020/1/21,166525.4582
2020/1/22,166593.4583
2020/1/23,166686.4583
2020/1/24,166423.4589
2020/1/27,165812.4589
2020/1/28,166243.4587
2020/1/29,166278.4585
2020/1/30,166388.4591
2020/1/31,165904.4587
2020/2/3,167834.459
2020/2/4,168503.4585
2020/2/5,168624.4584
2020/2/6,168882.4586
2020/2/7,168742.4584
2020/2/10,169128.4585
2020/2/11,169136.4587
2020/2/12,169461.4587
2020/2/13,169417.4584
2020/2/14,169494.4589
2020/2/18,169514.4586
2020/2/19,169842.6571
2020/2/20,169510.738
2020/2/21,168857.4966
2020/2/24,167612.5355
2020/2/25,166838.6748
2020/2/26,166959.6719
2020/2/27,165626.7
2020/2/28,165744.6999
2020/3/2,168295.5068
2020/3/3,167471.6819
2020/3/4,168433.2153
2020/3/5,167653.642
2020/3/6,167228.6938
2020/3/9,165667.7054
2020/3/10,166620.7007
2020/3/11,165710.7054
2020/3/12,164020.7054
2020/3/13,165228.7047
2020/3/16,163269.7055
2020/3/17,163876.7055
2020/3/18,163475.7057
2020/3/19,163566.7057
2020/3/20,163095.7054
2020/3/23,163106.7054
2020/3/24,163898.7603
2020/3/25,163798.5234
2020/3/26,164488.223
2020/3/27,163977.5547
2020/3/30,164442.9865
2020/3/31,164307.8427
2020/4/1,165217.961
2020/4/2,165464.8541
2020/4/3,165287.0654
2020/4/6,166174.6749
2020/4/7,166164.8559
2020/4/8,166491.6839
2020/4/9,166511.8516
2020/4/13,166702.1724
2020/4/14,167435.9822
2020/4/15,167224.1741
2020/4/16,167555.1682
2020/4/17,167718.2008
2020/4/20,167502.2501
2020/4/21,166788.2503
2020/4/22,167296.2501
2020/4/23,167255.2501
2020/4/24,167555.2501
2020/4/27,167682.2506
2020/4/28,167343.5754
2020/4/29,167970.6981
2020/4/30,168019.6969
2020/5/1,168924.3638
2020/5/4,169151.5495
2020/5/5,169358.8476
2020/5/6,169492.5124
2020/5/7,169757.838
2020/5/8,170041.9964
2020/5/11,170236.9393
2020/5/12,169796.3189
2020/5/13,169529.7913
2020/5/14,169759.1879
2020/5/15,169882.9535
2020/5/18,170307.1478
2020/5/19,170250.3294
2020/5/20,170697.1514
2020/5/21,170450.9627
2020/5/22,170522.6621
2020/5/26,170490.7182
2020/5/27,170601.7226
2020/5/28,170550.7226
2020/5/29,170878.7225
2020/6/1,172480.7229
2020/6/2,172637.6974
2020/6/3,172750.9329
2020/6/4,172611.4485
2020/6/5,173059.5741
2020/6/8,173277.3757
2020/6/9,173469.1098
2020/6/10,173773.4124
2020/6/11,172523.0832
2020/6/12,172699.2623
2020/6/15,173065.2572
2020/6/16,173523.4793
2020/6/17,173619.8192
2020/6/18,173694.6758
2020/6/19,173691.3688
2020/6/22,174029.8751
2020/6/23,174288.3998
2020/6/24,173706.0931
2020/6/25,173955.7608
2020/6/26,173263.786
2020/6/29,173549.845
2020/6/30,174080.8454
2020/7/1,175929.8468
2020/7/2,176144.847
2020/7/6,176903.8466
2020/7/7,176782.5317
2020/7/8,177158.0982
2020/7/9,177415.4528
2020/7/10,177633.2807
2020/7/13,177019.0823
2020/7/14,177258.3521
2020/7/15,177320.1075
2020/7/16,177104.907
2020/7/17,177160.2739
2020/7/20,178044.323
2020/7/21,177725.6233
2020/7/22,177865.889
2020/7/23,176976.2287
2020/7/24,176660.7648
2020/7/27,177229.6919
2020/7/28,176815.4136
2020/7/29,177182.1206
2020/7/30,177363.2531
2020/7/31,177971.861
2020/8/3,179919.6206
2020/8/4,180081.5945
2020/8/5,180182.5519
2020/8/6,180666.5625
2020/8/7,180238.0337
2020/8/10,180067.0338
2020/8/11,179492.4665
2020/8/12,180222.4731
2020/8/13,180306.7592
2020/8/14,180291.4458
2020/8/17,180663.5348
2020/8/18,180960.6854
2020/8/19,180792.4264
2020/8/20,181201.8413
2020/8/21,181411.8095
2020/8/24,181644.4195
2020/8/25,181865.6089
2020/8/26,182336.5765
2020/8/27,182308.8903
2020/8/28,182436.3552
2020/8/31,182658.4949
2020/9/1,184391.9542
2020/9/2,184492.1959
2020/9/3,183572.5066
2020/9/4,183212.8721
2020/9/8,181498.3016
2020/9/9,182528.7817
2020/9/10,181782.2329
2020/9/11,181510.3426
2020/9/14,182137.3431
2020/9/15,182531.9869
2020/9/16,182093.9088
2020/9/17,181656.6452
2020/9/18,181284.5052
2020/9/21,181439.9839
2020/9/22,181974.129
2020/9/23,181009.7443
2020/9/24,181167.0477
2020/9/25,181867.4601
2020/9/28,182492.7224
2020/9/29,182414.5493
2020/9/30,182634.7555
2020/10/1,184602.7286
2020/10/2,183751.9316
2020/10/5,184454.6061
2020/10/6,183884.7537
2020/10/7,184461.8948
2020/10/8,184647.5481
2020/10/9,185137.5167
2020/10/12,186055.026
2020/10/13,186126.0072
2020/10/14,186014.028
2020/10/15,185905.4815
2020/10/16,185820.839
2020/10/19,185147.2877
2020/10/20,185222.9039
2020/10/21,185255.4092
2020/10/22,185287.5002
2020/10/23,185369.219
2020/10/26,185030.2572
2020/10/27,185263.4599
2020/10/28,184064.7475
2020/10/29,184564.1218
2020/10/30,183866.7608
2020/11/2,185413.7538
2020/11/3,185925.7199
2020/11/4,187123.2392
2020/11/5,187743.8784
2020/11/6,187809.4212
2020/11/9,187425.4517
2020/11/10,186941.5434
2020/11/11,187591.0905
2020/11/12,187501.7368
2020/11/13,187787.2131
2020/11/16,188163.6402
2020/11/17,188152.4387
2020/11/18,187993.1906
2020/11/19,188329.5307
2020/11/20,188192.6503
2020/11/23,188245.8021
2020/11/24,188571.4663
2020/11/25,188726.0595
2020/11/27,188958.4038
2020/11/30,189084.856
2020/12/1,190849.5339
2020/12/2,190906.8059
2020/12/3,191069.5607
2020/12/4,191169.8489
2020/12/7,191427.6491
2020/12/8,191514.2635
2020/12/9,191205.3801
2020/12/10,191307.6199
2020/12/11,191309.5538
2020/12/14,191522.9316
2020/12/15,191686.1234
2020/12/16,191774.6267
2020/12/17,191853.4016
2020/12/18,191856.0768
2020/12/21,191929.4318
2020/12/22,191964.9729
2020/12/23,191971.1061
2020/12/24,191987.7903
2020/12/28,191992.6081
2020/12/29,191992.6081
2020/12/30,191992.6081
2020/12/31,191992.6081
2021/1/4,193492.6081
2021/1/5,193492.6081
2021/1/6,193492.6081
2021/1/7,193492.6081
2021/1/8,193492.6081
2021/1/11,193492.6081
2021/1/12,193492.6081
2021/1/13,193492.6081
2021/1/14,193492.6081
2021/1/15,193492.6081
2021/1/19,193492.6081
2021/1/20,193492.6081
2021/1/21,193492.6081
2021/1/22,193492.6081
2021/1/25,193492.6081
2021/1/26,193492.6081
2021/1/27,193492.6081
2021/1/28,193492.6081
2021/1/29,193492.6081
2021/2/1,195166.438
2021/2/2,195252.5319
2021/2/3,195244.3899
2021/2/4,195288.3196
2021/2/5,195321.3848
2021/2/8,195343.9881
2021/2/9,195346.1343
2021/2/10,195349.4478
2021/2/11,195356.6298
2021/2/12,195360.7145
2021/2/16,195362.6154
2021/2/17,195362.4385
2021/2/18,195362.2693
2021/2/19,195362.1101
2021/2/22,195351.7468
2021/2/23,195352.5345
2021/2/24,195360.6996
2021/2/25,195275.2656
2021/2/26,195316.0868
2021/3/1,196864.1136
2021/3/2,196864.1035
2021/3/3,196864.1573
2021/3/4,196722.2117
2021/3/5,196854.3115
2021/3/8,196571.6162
2021/3/9,196892.7564
2021/3/10,196882.9716
2021/3/11,197025.7228
2021/3/12,196998.2561
2021/3/15,197081.479
2021/3/16,197113.2732
2021/3/17,197137.2814
2021/3/18,196972.9014
2021/3/19,197014.0509
2021/3/22,197133.3193
2021/3/23,197127.5398
2021/3/24,197050.4677
2021/3/25,197055.514
2021/3/26,197141.8378
2021/3/29,197181.8373
2021/3/30,197181.6416
2021/3/31,197222.7634
2021/4/1,198736.395
2021/4/5,198738.166
2021/4/6,198738.166
2021/4/7,198738.166
2021/4/8,198738.166
2021/4/9,198738.166
2021/4/12,198738.166
2021/4/13,198738.166
2021/4/14,198738.166
2021/4/15,198738.166
2021/4/16,198738.166
2021/4/19,198738.166
2021/4/20,198738.166
2021/4/21,198738.166
2021/4/22,198738.166
2021/4/23,198738.166
2021/4/26,198738.166
2021/4/27,198738.166
2021/4/28,198738.166
2021/4/29,198738.166
2021/4/30,198738.166
2021/5/3,200238.166
2021/5/4,200238.166
2021/5/5,200213.2546
2021/5/6,200293.3306
2021/5/7,200368.9819
2021/5/10,200149.5427
2021/5/11,200145.0036
2021/5/12,199807.4459
2021/5/13,199917.2518
2021/5/14,200175.6469
2021/5/17,200159.7584
2021/5/18,200091.0743
2021/5/19,200123.7376
2021/5/20,200337.98
2021/5/21,200315.6914
2021/5/24,200505.9843
2021/5/25,200535.3913
2021/5/26,200592.1801
2021/5/27,200586.2718
2021/5/28,200628.8255
2021/6/1,202180.4612
2021/6/2,202204.5386
2021/6/3,202192.5706
2021/6/4,202225.5898
2021/6/7,202226.8045
2021/6/8,202226.8045
2021/6/9,202226.8045
2021/6/10,202226.8045
2021/6/11,202226.8045
2021/6/14,202226.8045
2021/6/15,202226.8045
2021/6/16,202226.8045
2021/6/17,202226.8045
2021/6/18,202226.8045
2021/6/21,202226.8045
2021/6/22,202226.8045
2021/6/23,202226.8045
2021/6/24,202226.8045
2021/6/25,202226.8045
2021/6/28,202226.8045
2021/6/29,202226.8045
2021/6/30,202226.8045
2021/7/1,203726.8045
2021/7/2,203726.8045
2021/7/6,203726.8045
2021/7/7,203726.8045
2021/7/8,203726.8045
2021/7/9,203726.8045
2021/7/12,203726.8045
2021/7/13,203726.8045
2021/7/14,203726.8045
2021/7/15,203726.8045
2021/7/16,203726.8045
2021/7/19,203726.8045
2021/7/20,203726.8045
2021/7/21,203726.8045
2021/7/22,203726.8045
2021/7/23,203726.8045
2021/7/26,203726.8045
2021/7/27,203726.8045
2021/7/28,203726.8045
2021/7/29,203726.8045
2021/7/30,203726.8045
2021/8/2,205226.8045
2021/8/3,205226.8045
2021/8/4,205226.8045
2021/8/5,205226.8045
2021/8/6,205226.8045
2021/8/9,205226.8045
2021/8/10,205226.8045
2021/8/11,205226.8045
2021/8/12,205226.8045
2021/8/13,205226.8045
2021/8/16,205226.8045
2021/8/17,205226.8045
2021/8/18,205226.8045
2021/8/19,205271.461
2021/8/20,205321.5745
2021/8/23,205361.6235
2021/8/24,205366.6513
2021/8/25,205368.2152
2021/8/26,205363.9694
2021/8/27,205372.742
2021/8/30,205377.0518
2021/8/31,205377.1714
2021/9/1,206877.4939
2021/9/2,206877.6007
2021/9/3,206877.8075
2021/9/7,206877.9665
2021/9/8,206877.9665
2021/9/9,206877.9663
2021/9/10,206877.9408
2021/9/13,206877.9842
2021/9/14,206877.9855
2021/9/15,206877.9868
2021/9/16,206877.9868
2021/9/17,206877.9868
2021/9/20,206877.9868
2021/9/21,206889.8312
2021/9/22,206952.2643
2021/9/23,206991.4158
2021/9/24,206997.6076
2021/9/27,206982.3034
2021/9/28,206695.643
2021/9/29,206674.158
2021/9/30,206626.2101
2021/10/1,208230.0607
2021/10/4,207864.9161
2021/10/5,208111.1326
2021/10/6,208223.8724
2021/10/7,208342.2507
2021/10/8,208296.0015
2021/10/11,208233.1845
2021/10/12,208193.3231
2021/10/13,208325.428
2021/10/14,208484.6045
2021/10/15,208516.0672
2021/10/18,208539.9573
2021/10/19,208541.4332
2021/10/20,208541.5273
2021/10/21,208541.5451
2021/10/22,208541.5451
2021/10/25,208541.5451
2021/10/26,208541.5451
2021/10/27,208541.5451
2021/10/28,208541.5451
2021/10/29,208541.5451
2021/11/1,210041.5451
2021/11/2,210041.5451
2021/11/3,210041.5451
2021/11/4,210041.5451
2021/11/5,210041.5451
2021/11/8,210041.5451
2021/11/9,210041.5451
2021/11/10,210041.5451
2021/11/11,210041.5451
2021/11/12,210041.5451
2021/11/15,210041.5451
2021/11/16,210041.5451
2021/11/17,210041.5451
2021/11/18,210041.5451
2021/11/19,210041.5451
2021/11/22,210041.5451
2021/11/23,210041.5451
2021/11/24,210041.5451
2021/11/26,210041.5451
2021/11/29,210041.5451
2021/11/30,210041.5451
2021/12/1,211541.5451
2021/12/2,211622.6461
2021/12/3,211392.0946
2021/12/6,211537.5413
2021/12/7,211784.9421
2021/12/8,211822.2221
2021/12/9,211724.9257
2021/12/10,211806.249
2021/12/13,211725.4275
2021/12/14,211636.5644
2021/12/15,211818.3495
2021/12/16,211567.6702
2021/12/17,211536.018
2021/12/20,211436.9557
2021/12/21,211737.1412
2021/12/22,211845.1794
2021/12/23,211896.8245
2021/12/27,211957.7487
2021/12/28,211960.5374
2021/12/29,211962.3563
2021/12/30,211963.1444
2021/12/31,211963.4341
2022/1/3,213464.0788
2022/1/4,213464.0788
2022/1/5,213464.0788
2022/1/6,213469.7978
2022/1/7,213323.5981
2022/1/10,213392.1536
2022/1/11,213587.3906
2022/1/12,213645.1788
2022/1/13,207422.0823
2022/1/14,207527.9589
2022/1/18,207005.4819
2022/1/19,206772.3588
2022/1/20,206522.2352
2022/1/21,206000.1113
2022/1/24,206078.7401
2022/1/25,205653.616
2022/1/26,205642.492
2022/1/27,205482.3678
2022/1/28,205962.2433
2022/1/31,206504.8701
2022/2/1,208121.7451
2022/2/2,208269.6206
2022/2/3,207492.4959
2022/2/4,207687.3709
2022/2/7,207550.9953
2022/2/8,207550.9953
2022/2/9,207550.9953
2022/2/10,207550.9953
2022/2/11,207550.9953
2022/2/14,207550.9953
2022/2/15,207550.9953
2022/2/16,207550.9953
2022/2/17,207550.9953
2022/2/18,207550.9953
2022/2/22,207550.9953
2022/2/23,207550.9953
2022/2/24,207550.9953
2022/2/25,207550.9953
2022/2/28,207550.9953
2022/3/1,209050.9953
2022/3/2,209050.9953
2022/3/3,209050.9953
2022/3/4,209050.9953
2022/3/7,209050.9953
2022/3/8,209050.9953
2022/3/9,209050.9953
2022/3/10,209050.9953
2022/3/11,209050.9953
2022/3/14,209050.9953
2022/3/15,209050.9953
2022/3/16,209050.9953
2022/3/17,209050.9953
2022/3/18,209050.9953
2022/3/21,209050.9953
2022/3/22,209050.9953
2022/3/23,209050.9953
2022/3/24,209050.9953
2022/3/25,209050.9953
2022/3/28,209050.9953
2022/3/29,209050.9953
2022/3/30,209050.9953
2022/3/31,209050.9953
2022/4/1,210550.9953
2022/4/4,210550.9953
2022/4/5,210550.9953
2022/4/6,210550.9953
2022/4/7,210550.9953
2022/4/8,210550.9953
2022/4/11,210550.9953
2022/4/12,210550.9953
2022/4/13,210550.9953
2022/4/14,210550.9953
2022/4/18,210550.9953
2022/4/19,210550.9953
2022/4/20,210550.9953
2022/4/21,210550.9953
2022/4/22,210550.9953
2022/4/25,210550.9953
2022/4/26,210550.9953
2022/4/27,210550.9953
2022/4/28,210550.9953
2022/4/29,210550.9953
2022/5/2,212050.9953
2022/5/3,212050.9953
2022/5/4,212050.9953
2022/5/5,212050.9953
2022/5/6,212050.9953
2022/5/9,212050.9953
2022/5/10,212050.9953
2022/5/11,212050.9953
2022/5/12,212050.9953
2022/5/13,212050.9953
2022/5/16,212050.9953
2022/5/17,212050.9953
2022/5/18,212050.9953
2022/5/19,212050.9953
2022/5/20,212050.9953
2022/5/23,212050.9953
2022/5/24,212050.9953
2022/5/25,212050.9953
2022/5/26,212050.9953
2022/5/27,212050.9953
2022/5/31,212050.9953
2022/6/1,213550.9953
2022/6/2,213550.9953
2022/6/3,213550.9953
2022/6/6,213550.9953
2022/6/7,213550.9953
2022/6/8,213550.9953
2022/6/9,213550.9953
2022/6/10,213550.9953
2022/6/13,213550.9953
2022/6/14,213550.9953
2022/6/15,213550.9953
2022/6/16,213550.9953
2022/6/17,213550.9953
2022/6/21,213550.9953
2022/6/22,213550.9953
2022/6/23,213550.9953
2022/6/24,213550.9953
2022/6/27,213550.9953
2022/6/28,213550.9953
2022/6/29,213550.9953
2022/6/30,213550.9953
2022/7/1,215050.9953
2022/7/5,215050.9953
2022/7/6,215050.9953
2022/7/7,215050.9953
2022/7/8,215050.9953
2022/7/11,215050.9953
2022/7/12,215050.9953
2022/7/13,215050.9953
2022/7/14,215050.9953
2022/7/15,215050.9953
2022/7/18,215050.9953
2022/7/19,215050.9953
2022/7/20,215050.9953
2022/7/21,215050.9953
2022/7/22,215050.9953
2022/7/25,215050.9953
2022/7/26,215050.9953
2022/7/27,215050.9953
2022/7/28,215050.9953
2022/7/29,215050.9953
2022/8/1,216550.9953
2022/8/2,216550.9953
2022/8/3,216550.9953
2022/8/4,216550.9953
2022/8/5,216550.9953
2022/8/8,216550.9953
2022/8/9,216550.9953
2022/8/10,216550.9953
2022/8/11,216550.9953
2022/8/12,216550.9953
2022/8/15,216550.9953
2022/8/16,216550.9953
2022/8/17,216550.9953
2022/8/18,216550.9953
2022/8/19,216550.9953
2022/8/22,216550.9953
2022/8/23,216550.9953
2022/8/24,216550.9953
2022/8/25,216550.9953
2022/8/26,216550.9953
2022/8/29,216550.9953
2022/8/30,216550.9953
2022/8/31,216550.9953
2022/9/1,218050.9953
2022/9/2,218050.9953
2022/9/6,218050.9953
2022/9/7,218050.9953
2022/9/8,218050.9953
2022/9/9,218050.9953
2022/9/12,218050.9953
2022/9/13,218050.9953
2022/9/14,218050.9953
2022/9/15,218050.9953
2022/9/16,218050.9953
2022/9/19,218050.9953
2022/9/20,218050.9953
2022/9/21,218050.9953
2022/9/22,218050.9953
2022/9/23,218050.9953
2022/9/26,218050.9953
2022/9/27,218050.9953
2022/9/28,218050.9953
2022/9/29,218050.9953
2022/9/30,218050.9953
2022/10/3,219550.9953
2022/10/4,219550.9953
2022/10/5,219550.9953
2022/10/6,219550.9953
2022/10/7,219550.9953
2022/10/10,219550.9953
2022/10/11,219550.9953
2022/10/12,219550.9953
2022/10/13,219550.9953
2022/10/14,219550.9953
2022/10/17,219550.9953
2022/10/18,219550.9953
2022/10/19,219550.9953
2022/10/20,219550.9953
2022/10/21,219550.9953
2022/10/24,219550.9953
2022/10/25,219550.9953
2022/10/26,219550.9953
2022/10/27,219550.9953
2022/10/28,219550.9953
2022/10/31,219550.9953
2022/11/1,221050.9953
2022/11/2,221050.9953
2022/11/3,221050.9953
2022/11/4,221050.9953
2022/11/7,221050.9953
2022/11/8,221050.9953
2022/11/9,221050.9953
2022/11/10,221050.9953
2022/11/11,221050.9953
2022/11/14,221050.9953
2022/11/15,221050.9953
2022/11/16,221050.9953
2022/11/17,221050.9953
2022/11/18,221050.9953
2022/11/21,221050.9953
2022/11/22,221050.9953
2022/11/23,221050.9953
2022/11/25,221050.9953
2022/11/28,221050.9953
2022/11/29,221050.9953
2022/11/30,221050.9953
2022/12/1,222550.9953
2022/12/2,222550.9953
2022/12/5,222550.9953
2022/12/6,222550.9953
2022/12/7,222550.9953
2022/12/8,222550.9953
2022/12/9,222550.9953
2022/12/12,222550.9953
2022/12/13,222550.9953
2022/12/14,222550.9953
2022/12/15,222550.9953
2022/12/16,222550.9953
2022/12/19,222550.9953
2022/12/20,222550.9953
2022/12/21,222550.9953
2022/12/22,222550.9953
2022/12/23,222550.9953
2022/12/27,222550.9953
2022/12/28,222550.9953
2022/12/29,222550.9953
2022/12/30,222550.9953
2023/1/3,224050.9953
2023/1/4,224050.9953
2023/1/5,224050.9953
2023/1/6,224050.9953
2023/1/9,224050.9953
2023/1/10,224050.9953
2023/1/11,224050.9953
2023/1/12,224050.9953
2023/1/13,224050.9953
2023/1/17,224050.9953
2023/1/18,224050.9953
2023/1/19,224050.9953
2023/1/20,224050.9953
2023/1/23,224050.9953
2023/1/24,224050.9953
2023/1/25,224050.9953
2023/1/26,224050.9953
2023/1/27,224050.9953
2023/1/30,224050.9953
2023/1/31,224050.9953
2023/2/1,225550.9953
2023/2/2,225550.9953
2023/2/3,225550.9953
2023/2/6,225550.9953
2023/2/7,225550.9953
2023/2/8,225550.9953
2023/2/9,225550.9953
2023/2/10,225550.9953
2023/2/13,225550.9953
2023/2/14,225550.9953
2023/2/15,225550.9953
2023/2/16,225550.9953
2023/2/17,225550.9953
2023/2/21,225550.9953
2023/2/22,225554.7269
2023/2/23,225576.4508
2023/2/24,225538.4169
2023/2/27,225565.9471
2023/2/28,225565.6695
2023/3/1,227049.4833
2023/3/2,227072.8489
2023/3/3,227124.8457
2023/3/6,227136.7375
2023/3/7,227116.2356
2023/3/8,227129.9511
2023/3/9,227095.7911
2023/3/10,227060.4742
2023/3/13,227094.3151
2023/3/14,227146.1677
2023/3/15,227158.629
2023/3/16,227186.8938
2023/3/17,227186.3633
2023/3/20,227196.4261
2023/3/21,227199.5504
2023/3/22,227198.7853
2023/3/23,227200.0801
2023/3/24,227200.1803
2023/3/27,227200.1839
2023/3/28,227200.1839
2023/3/29,227200.1839
2023/3/30,227200.1839
2023/3/31,227200.1839
2023/4/3,228700.1839
2023/4/4,228700.1839
2023/4/5,228700.1839
2023/4/6,228700.1839
2023/4/10,228700.1839
2023/4/11,228700.1839
2023/4/12,228700.1839
2023/4/13,228700.1839
2023/4/14,228700.1839
2023/4/17,228700.1839
2023/4/18,228700.1839
2023/4/19,228700.1839
2023/4/20,228700.1839
2023/4/21,228700.1839
2023/4/24,228700.1839
2023/4/25,228700.1839
2023/4/26,228714.1216
2023/4/27,228755.8477
2023/4/28,228765.7322
2023/5/1,230272.7146
2023/5/2,230265.597
2023/5/3,230261.6375
2023/5/4,230265.0607
2023/5/5,230285.7523
2023/5/8,230291.7396
2023/5/9,230290.3889
2023/5/10,230297.0969
2023/5/11,230298.9258
2023/5/12,230298.8328
2023/5/15,230301.8879
2023/5/16,230302.4372
2023/5/17,230303.2538
2023/5/18,230303.5155
2023/5/19,230303.5248
2023/5/22,230303.5378
2023/5/23,230303.5377
2023/5/24,230303.5378
2023/5/25,230303.5378
2023/5/26,230303.5378
2023/5/30,230303.5378
2023/5/31,230303.5378
2023/6/1,231803.5378
2023/6/2,231803.5378
2023/6/5,231803.5378
2023/6/6,231803.5378
2023/6/7,231803.5378
2023/6/8,231803.5378
2023/6/9,231803.5378
2023/6/12,231803.5378
2023/6/13,231803.5378
2023/6/14,231803.5378
2023/6/15,231803.5378
2023/6/16,231803.5378
2023/6/20,231803.5378
2023/6/21,231803.5378
2023/6/22,231803.5378
2023/6/23,231803.5378
2023/6/26,231803.5378
2023/6/27,231803.5378
2023/6/28,231803.5378
2023/6/29,231803.5378
2023/6/30,231803.5378
2023/7/3,233303.5378
2023/7/5,233303.5378
2023/7/6,233303.5378
2023/7/7,233303.5378
2023/7/10,233303.5378
2023/7/11,233303.5378
2023/7/12,233303.5378
2023/7/13,233303.5378
2023/7/14,233303.5378
2023/7/17,233303.5378
2023/7/18,233303.5378
2023/7/19,233303.5378
2023/7/20,233303.5378
2023/7/21,233303.5378
2023/7/24,233303.5378
2023/7/25,233303.5378
2023/7/26,233303.5378
2023/7/27,233303.5378
2023/7/28,233303.5378
2023/7/31,233303.5378
2023/8/1,234803.5378
2023/8/2,234803.5378
2023/8/3,234803.5378
2023/8/4,234803.5378
2023/8/7,234842.8652
2023/8/8,234817.9888
2023/8/9,234777.5057
2023/8/10,234788.7567
2023/8/11,234762.5549
2023/8/14,234818.2894
2023/8/15,234778.6137
2023/8/16,234724.8774
2023/8/17,234660.5249
2023/8/18,234658.3248
2023/8/21,234764.1915
2023/8/22,234761.6638
2023/8/23,234837.3625
2023/8/24,234724.263
2023/8/25,234780.5634
2023/8/28,234841.3707
2023/8/29,234904.8616
2023/8/30,234916.5988
2023/8/31,234922.5186
2023/9/1,236424.3955
2023/9/5,236429.0999
2023/9/6,236429.1014
2023/9/7,236429.1014
2023/9/8,236429.1014
2023/9/11,236429.1014
2023/9/12,236429.1014
2023/9/13,236429.1014
2023/9/14,236429.1014
2023/9/15,236429.1014
2023/9/18,236442.1515
2023/9/19,236438.5993
2023/9/20,236376.7746
2023/9/21,236271.545
2023/9/22,236278.2922
2023/9/25,236318.1885
2023/9/26,236224.7038
2023/9/27,236242.3331
2023/9/28,236298.32
2023/9/29,236310.3285
2023/10/2,237870.7301
2023/10/3,237752.1233
2023/10/4,237846.1142
2023/10/5,237828.307
2023/10/6,237926.4509
2023/10/9,237968.1635
2023/10/10,237996.6719
2023/10/11,238024.5434
2023/10/12,238021.0481
2023/10/13,237982.6583
2023/10/16,238047.012
2023/10/17,238051.7384
2023/10/18,238025.7491
2023/10/19,237977.6696
2023/10/20,237880.1524
2023/10/23,237910.699
2023/10/24,237972.997
2023/10/25,237794.0491
2023/10/26,237640.578
2023/10/27,237680.376
2023/10/30,237771.2348
2023/10/31,237815.4792
2023/11/1,239441.4486
2023/11/2,239553.2842
2023/11/3,239618.7467
2023/11/6,239654.2039
2023/11/7,239696.2811
2023/11/8,239704.1951
2023/11/9,239681.3125
2023/11/10,239746.6553
2023/11/13,239757.3588
2023/11/14,239777.4239
2023/11/15,239779.4074
2023/11/16,239780.6138
2023/11/17,239781.3746
2023/11/20,239782.4085
2023/11/21,239782.4085
2023/11/22,239782.4085
2023/11/24,239782.4085
2023/11/27,239782.4085
2023/11/28,239782.4085
2023/11/29,239782.4085
2023/11/30,239782.4085
2023/12/1,241282.4085
2023/12/4,241282.4085
2023/12/5,241282.4085
2023/12/6,241282.4085
2023/12/7,241282.4085
2023/12/8,241282.4085
2023/12/11,241282.4085
2023/12/12,241282.4085
2023/12/13,241282.4085
2023/12/14,241282.4085
2023/12/15,241282.4085
2023/12/18,241282.4085
2023/12/19,241282.4085
2023/12/20,241282.4085
2023/12/21,241282.4085
2023/12/22,241282.4085
2023/12/26,241282.4085
2023/12/27,241282.4085
2023/12/28,241282.4085
2023/12/29,241282.4085
2024/1/2,242782.4085
2024/1/3,242782.4085
2024/1/4,242765.3695
2024/1/5,242774.6518
2024/1/8,242846.4255
2024/1/9,242854.7313
2024/1/10,242870.518
2024/1/11,242876.1163
2024/1/12,242879.4577
2024/1/16,242890.2415
2024/1/17,242885.1091
2024/1/18,242901.3723
2024/1/19,242910.5163
2024/1/22,242912.2766
2024/1/23,242912.9828
2024/1/24,242913.2548
2024/1/25,242913.3308
2024/1/26,242913.3687
2024/1/29,242913.4058
2024/1/30,242913.4058
2024/1/31,242913.4005
2024/2/1,244413.4059
2024/2/2,244413.4059
2024/2/5,244413.4059
2024/2/6,244413.4059
2024/2/7,244413.4059
2024/2/8,244413.4059
2024/2/9,244413.4059
2024/2/12,244413.4059
2024/2/13,244413.4059
2024/2/14,244413.4059
2024/2/15,244413.4059
2024/2/16,244413.4059
2024/2/20,244413.4059
2024/2/21,244413.4059
2024/2/22,244413.4059
2024/2/23,244413.4059
2024/2/26,244413.4059
2024/2/27,244413.4059
2024/2/28,244413.4059
2024/2/29,244413.4059
2024/3/1,245913.4059
2024/3/4,245913.4059
2024/3/5,245913.4059
2024/3/6,245913.4059
2024/3/7,245913.4059
2024/3/8,245913.4059
2024/3/11,245913.4059
2024/3/12,245913.4059
2024/3/13,245913.4059
2024/3/14,245913.4059
2024/3/15,245913.4059
2024/3/18,245961.5375
2024/3/19,245973.3827
2024/3/20,246005.2597
2024/3/21,246017.8301
2024/3/22,246026.0356
2024/3/25,246029.1487
2024/3/26,246026.1328
2024/3/27,246034.4803
2024/3/28,246033.784
2024/4/1,247547.688
2024/4/2,247537.1642
2024/4/3,247546.4603
2024/4/4,247516.4782
2024/4/5,247544.8289
2024/4/8,247554.747
2024/4/9,247560.9824
2024/4/10,247556.4793
2024/4/11,247565.2191
2024/4/12,247560.2453
2024/4/15,247556.7302
2024/4/16,247564.4247
2024/4/17,247566.3235
2024/4/18,247547.9408
2024/4/19,247433.1018
2024/4/22,247503.0084
2024/4/23,247574.0747
2024/4/24,247591.8916
2024/4/25,247574.4501
2024/4/26,247629.0806
2024/4/29,247652.411
2024/4/30,247589.6553
2024/5/1,249068.4073
2024/5/2,249123.7248
2024/5/3,249174.8772
2024/5/6,249195.4612
2024/5/7,249197.5513
2024/5/8,249199.4031
2024/5/9,249202.0547
2024/5/10,249204.3964
2024/5/13,249207.0925
2024/5/14,249207.6501
2024/5/15,249207.7531
2024/5/16,249207.7547
2024/5/17,249207.755
2024/5/20,249207.755
2024/5/21,249207.755
2024/5/22,249207.755
2024/5/23,249207.755
2024/5/24,249207.755
2024/5/28,249207.755
2024/5/29,249207.755
2024/5/30,249207.755
2024/5/31,249207.755
2024/6/3,250707.755
2024/6/4,250707.755
2024/6/5,250707.755
2024/6/6,250707.755
2024/6/7,250707.755
2024/6/10,250707.755
2024/6/11,250707.755
2024/6/12,250707.755
2024/6/13,250707.755
2024/6/14,250707.755
2024/6/17,250707.755
2024/6/18,250707.755
2024/6/20,250707.755
2024/6/21,250707.755
2024/6/24,250707.755
2024/6/25,250707.755
2024/6/26,250707.755
2024/6/27,250707.755
2024/6/28,250707.755
2024/7/1,252207.755
2024/7/2,252207.755
2024/7/3,252207.755
2024/7/5,252207.755
2024/7/8,252207.755
2024/7/9,252207.755
2024/7/10,252207.755
2024/7/11,252207.755
2024/7/12,252207.755
2024/7/15,252207.755
2024/7/16,252207.755
2024/7/17,252207.755
2024/7/18,252188.3673
2024/7/19,252129.874
2024/7/22,252249.1552
2024/7/23,252235.7718
2024/7/24,251876.2459
2024/7/25,251745.021
2024/7/26,251864.0784
2024/7/29,251913.3737
2024/7/30,251743.7087
2024/7/31,252064.2809
2024/8/1,253279.6528
2024/8/2,252922.4315
2024/8/5,252457.514
2024/8/6,252588.1674
2024/8/7,252417.2099
2024/8/8,252879.4165
2024/8/9,252955.4073
2024/8/12,253007.2847
2024/8/13,253382.3355
2024/8/14,253405.1497
2024/8/15,253722.2703
2024/8/16,253756.0445
2024/8/19,253895.5206
2024/8/20,253895.5206
2024/8/21,253895.5206
2024/8/22,253895.5206
2024/8/23,253895.5206
2024/8/26,253895.5206
2024/8/27,253895.5206
2024/8/28,253895.5206
2024/8/29,253895.5206
2024/8/30,253895.5206
2024/9/3,255395.5206
2024/9/4,255386.5335
2024/9/5,255407.4809
2024/9/6,255211.4636
2024/9/9,255321.6521
2024/9/10,255386.1412
2024/9/11,255497.2521
2024/9/12,255545.7178
2024/9/13,255568.1692
2024/9/16,255574.6907
2024/9/17,255584.5034
2024/9/18,255577.2302
2024/9/19,255642.1175
2024/9/20,255643.757
2024/9/23,255663.7836
2024/9/24,255673.6274
2024/9/25,255677.3816
2024/9/26,255684.5995
2024/9/27,255684.2883
2024/9/30,255690.7902
2024/10/1,257189.3968
2024/10/2,257191.2919
2024/10/3,257192.0699
2024/10/4,257192.3489
2024/10/7,257192.3507
2024/10/8,257192.3507
2024/10/9,257192.3507
2024/10/10,257192.3507
2024/10/11,257192.3507
2024/10/14,257192.3507
2024/10/15,257192.3507
2024/10/16,257192.3507
2024/10/17,257192.3507
2024/10/18,257192.3507
2024/10/21,257192.3507
2024/10/22,257192.3507
2024/10/23,257192.3507
2024/10/24,257192.3507
2024/10/25,257192.3507
2024/10/28,257192.3507
2024/10/29,257192.3507
2024/10/30,257192.3507
2024/10/31,257192.3507
2024/11/1,258763.1821
2024/11/4,258766.2866
2024/11/5,258833.7002
2024/11/6,258921.1738
2024/11/7,258947.2881
2024/11/8,258950.8037
2024/11/11,258960.137
2024/11/12,258960.624
2024/11/13,258964.1541
2024/11/14,258960.0576
2024/11/15,258918.0316
2024/11/18,258946.0018
2024/11/19,258958.546
2024/11/20,258962.62
2024/11/21,258968.0473
2024/11/22,258971.0405
2024/11/25,258975.4807
2024/11/26,258976.7107
2024/11/27,258976.5304
2024/11/29,258977.1794
2024/12/2,260477.1924
2024/12/3,260477.1924
2024/12/4,260477.1924
2024/12/5,260477.1924
2024/12/6,260477.1924
2024/12/9,260477.1924
2024/12/10,260477.1924
2024/12/11,260477.1924
2024/12/12,260477.1924
2024/12/13,260477.1924
2024/12/16,260477.1924
2024/12/17,260477.1924
2024/12/18,260477.1924
2024/12/19,260448.5691
2024/12/20,260513.8657
2024/12/23,260579.8752
2024/12/24,260640.0611
2024/12/26,260649.0246
2024/12/27,260591.6234
2024/12/30,260528.091
2024/12/31,260473.296
2025/1/2,261974.8211
2025/1/3,262091.7502
2025/1/6,262169.6813
2025/1/7,262082.5362
2025/1/8,262098.8534
2025/1/10,261988.5762
2025/1/13,261999.1884
2025/1/14,262003.9251
2025/1/15,262185.5221
2025/1/16,262169.4396
2025/1/17,262232.9884
2025/1/21,262242.2632
2025/1/22,262242.2632
2025/1/23,262242.2632
2025/1/24,262242.2632
2025/1/27,262242.2632
2025/1/28,262337.026
2025/1/29,262333.1833
2025/1/30,262362.7035
2025/1/31,262362.0941
2025/2/3,263839.2429
2025/2/4,263921.6448
2025/2/5,263946.5588
2025/2/6,263970.3185
2025/2/7,263926.038
2025/2/10,263995.9716
2025/2/11,263997.9146
2025/2/12,264005.3238
2025/2/13,264034.6061
2025/2/14,264042.4854
2025/2/18,264053.7155
2025/2/19,264055.5321
2025/2/20,264056.7095
2025/2/21,264042.8316
2025/2/24,264042.0405
2025/2/25,264018.6952
2025/2/26,264038.8518
2025/2/27,263847.0577
2025/2/28,264028.9388
2025/3/3,265267.8308
2025/3/4,265235.2674
2025/3/5,265382.8366
2025/3/6,265033.4692
2025/3/7,265128.3132
2025/3/10,264574.8109
2025/3/11,264521.954
2025/3/12,264693.7702
2025/3/13,264415.0328
2025/3/14,264757.181
2025/3/17,264879.0197
2025/3/18,264621.9742
2025/3/19,264823.6045
2025/3/20,264780.7544
2025/3/21,264836.7782
2025/3/24,265189.5519
2025/3/25,265288.3213
2025/3/26,264983.4154
2025/3/27,264895.3389
2025/3/28,264424.6899
2025/3/31,264423.6283
2025/4/1,266055.7182
2025/4/2,266186.8545
2025/4/3,265224.0452
2025/4/4,264303.0453
2025/4/7,264319.0453
2025/4/8,264089.8042
2025/4/9,265286.5494
2025/4/10,264740.0415
2025/4/11,264956.3909
2025/4/14,265063.0689
2025/4/15,265086.2235
2025/4/16,264689.8262
2025/4/17,264682.0256
2025/4/21,264379.7887
2025/4/22,264689.3781
2025/4/23,264974.1243
2025/4/24,265348.4213
2025/4/25,265506.7683
2025/4/28,265534.4553
2025/4/29,265638.4054
2025/4/30,265648.7212
2025/5/1,267328.307
2025/5/2,267572.4678
2025/5/5,267521.4754
2025/5/6,267371.6749
2025/5/7,267441.3549
2025/5/8,267614.1245
2025/5/9,267602.0011
2025/5/12,268316.044
2025/5/13,268481.0782
2025/5/14,268554.5997
2025/5/15,268584.6792
2025/5/16,268641.5994
2025/5/19,268703.7504
2025/5/20,268687.5602
2025/5/21,268557.7099
2025/5/22,268599.3264
2025/5/23,268511.5679
2025/5/27,268829.5876
2025/5/28,268806.5735
2025/5/29,268854.9082
2025/5/30,268861.4802
2025/6/2,270521.2195
2025/6/3,270626.5298
2025/6/4,270682.7947
2025/6/5,270640.4189
2025/6/6,270765.6937
2025/6/9,270899.2968
2025/6/10,270995.87
2025/6/11,271015.0194
2025/6/12,271088.0122
2025/6/13,271046.5191
2025/6/16,271231.464
2025/6/17,271231.464
2025/6/18,271231.464
2025/6/20,271231.464
2025/6/23,271231.464
2025/6/24,271231.464
2025/6/25,271231.464
2025/6/26,271231.464
2025/6/27,271231.464
2025/6/30,271231.464
2025/7/1,272731.464
2025/7/2,272731.464
2025/7/3,272731.464
2025/7/7,272731.464
2025/7/8,272731.464
2025/7/9,272731.464
2025/7/10,272731.464
2025/7/11,272731.464
2025/7/14,272731.464
2025/7/15,272731.464
2025/7/16,272731.464
2025/7/17,272731.464
2025/7/18,272731.464
2025/7/21,272731.464
2025/7/22,272731.464
2025/7/23,272731.464
2025/7/24,272731.464
2025/7/25,272731.464
2025/7/28,272731.464
2025/7/29,272731.464
2025/7/30,272731.464
2025/7/31,272731.464
2025/8/1,274231.464
2025/8/4,274326.2087
2025/8/5,274303.3925
2025/8/6,274350.2558
2025/8/7,274361.9955
2025/8/8,274381.4298
2025/8/11,274384.1992
2025/8/12,274404.5716
2025/8/13,274405.9344
2025/8/14,274406.2563
2025/8/15,274405.4036
2025/8/18,274407.0021
2025/8/19,274401.7195
2025/8/20,274398.3859
2025/8/21,274397.3169
2025/8/22,274406.5749
2025/8/25,274407.9435
2025/8/26,274408.694
2025/8/27,274408.7893
2025/8/28,274408.8255
2025/8/29,274408.806
2025/9/2,275908.8283
2025/9/3,275908.8283
2025/9/4,275908.8283
2025/9/5,275908.8283
2025/9/8,275908.8283
2025/9/9,275908.8283
2025/9/10,275908.8283
2025/9/11,275908.8283
2025/9/12,275908.8283
2025/9/15,275908.8283
2025/9/16,275908.8283
2025/9/17,275908.8283
2025/9/18,275908.8283
2025/9/19,275908.8283
2025/9/22,275908.8283
2025/9/23,275908.8283
2025/9/24,275908.8283
2025/9/25,275908.8283
2025/9/26,275908.8283
2025/9/29,275908.8283
2025/9/30,275908.8283
2025/10/1,277408.8283
2025/10/2,277408.8283
2025/10/3,277408.8283
2025/10/6,277408.8283
2025/10/7,277408.8283
2025/10/8,277408.8283
2025/10/9,277408.8283
2025/10/10,277408.8283
2025/10/13,277511.3593
2025/10/14,277487.6106
2025/10/15,277518.0902
2025/10/16,277509.0648
2025/10/17,277533.1831
2025/10/20,277565.9848
2025/10/21,277567.9703
2025/10/22,277552.917
2025/10/23,277568.8505
2025/10/24,277579.6862
2025/10/27,277587.1666
2025/10/28,277588.0059
2025/10/29,277588.2826
2025/10/30,277587.9079
2025/10/31,277588.3178
2025/11/3,279088.4567
2025/11/4,279088.29
2025/11/5,279088.4396
2025/11/6,279088.1021
2025/11/7,279088.2258
2025/11/10,279088.4639
2025/11/11,279088.4639
2025/11/12,279088.4639
2025/11/13,279088.4639
2025/11/14,279098.5938
2025/11/17,279053.4576
2025/11/18,278927.4476
2025/11/19,279000.8997
2025/11/20,274441.0421
2025/11/21,274543.2551
2025/11/24,274900.8937
2025/11/25,274993.1061
2025/11/26,275128.3186
2025/11/28,275243.7448
2025/12/1,276692.383
2025/12/2,276816.5954
2025/12/3,276854.8078
2025/12/4,276836.0201
2025/12/5,276899.2326
2025/12/8,276861.8688
2025/12/9,276882.0807
2025/12/10,276945.2929
2025/12/11,276890.5047
2025/12/12,276560.7164
2025/12/15,276478.3514
2025/12/16,276508.5631
2025/12/17,276215.6212
2025/12/18,276426.5894
2025/12/19,276627.5286
2025/12/22,276700.5712
2025/12/23,276776.566
2025/12/24,276811.5769
2025/12/26,276806.6094
2025/12/29,276724.636
2025/12/30,276685.6389
2025/12/31,276547.6414
