type,date,qty,strike,premium
sell_put,2012-04-10,1,103,146.11192699084015
put_assigned,2012-05-14,1,103,
sell_call,2012-05-14,1,103,0.00002161800359342022
roll_call,2012-06-18,1,103,0.0022587937336788393
roll_call,2012-07-23,1,103,0.012634153811299977
roll_call,2012-08-27,1,103,0.36200174741900515
roll_call,2012-10-01,1,103,0.009295907856230953
roll_call,2012-11-05,1,103,0.000016820770037913186
roll_call,2012-12-10,1,103,0.00013925579782314186
roll_call,2013-01-14,1,103,0.01791217009101502
roll_call,2013-02-19,1,103,0.00460356484697107
roll_call,2013-03-25,1,103,0.002156931578069384
roll_call,2013-04-29,1,103,0.055285780903939485
roll_call,2013-06-03,1,103,0.660412166293492
roll_call,2013-07-08,1,103,1.4689171255328426
roll_call,2013-08-12,1,103,13.173013398696787
roll_call,2013-09-16,1,103,32.71640408768057
roll_call,2013-10-21,1,103,433.4623683015998
shares_called_away,2013-11-25,1,103,
sell_put,2014-01-13,1,107,146.03780971882614
put_assigned,2014-02-18,1,107,
sell_call,2014-02-18,1,107,0.02777638448578784
roll_call,2014-03-24,1,107,0.012634577275052409
roll_call,2014-04-28,1,107,0.037856491709504884
roll_call,2014-06-02,1,107,0.6813571583852179
roll_call,2014-07-07,1,107,2.4023801003688727
roll_call,2014-08-11,1,107,0.40107123054703153
roll_call,2014-09-15,1,107,6.239999190156964
roll_call,2014-10-20,1,107,2.140106913686357
roll_call,2014-11-24,1,107,382.60151323234766
roll_call,2014-12-29,1,107,476.9778776848298
roll_call,2015-02-02,1,107,141.0622244973954
shares_called_away,2015-03-09,1,107,
sell_put,2015-03-10,1,95,291.70786249126445
put_expired,2015-04-13,1,95,291.70786249126445
sell_put,2015-04-17,1,95,203.99489325263465
put_expired,2015-05-20,1,95,203.99489325263465
sell_put,2015-06-05,1,104,227.98160127559868
put_assigned,2015-07-08,1,104,
sell_call,2015-07-08,1,104,512.2503169386177
shares_called_away,2015-08-10,1,104,
sell_put,2015-08-11,1,105,220.81039373956025
put_assigned,2015-09-14,1,105,
assignment_stop_loss,2015-09-14,1,,
sell_put,2015-11-13,1,100,641.2765809489536
put_expired,2015-12-16,1,100,641.2765809489536
sell_put,2015-12-17,1,106,382.85280141184614
put_assigned,2016-01-19,1,106,
assignment_stop_loss,2016-01-19,1,,
sell_put,2016-04-26,1,92,366.5001646772737
put_expired,2016-05-31,1,92,366.5001646772737
sell_put,2016-06-13,1,90,156.29385911064304
put_expired,2016-07-18,1,90,156.29385911064304
sell_put,2016-09-09,1,105,268.52669543919706
put_expired,2016-10-12,1,105,268.52669543919706
sell_put,2016-10-12,1,115,156.11932507069815
put_assigned,2016-11-14,1,115,
sell_call,2016-11-14,1,115,546.5701619533079
shares_called_away,2016-12-19,1,115,
sell_put,2016-12-30,1,117,195.55941179289073
put_assigned,2017-02-01,1,117,
sell_call,2017-02-01,1,117,0.01619602873747716
roll_call,2017-03-06,1,117,0.3386004094137751
roll_call,2017-04-10,1,117,0.9928313844195458
roll_call,2017-05-15,1,117,51.31767952693291
roll_call,2017-06-19,1,117,101.95213944631263
roll_call,2017-07-24,1,117,438.39417717154777
roll_call,2017-08-28,1,117,239.00831131117144
roll_call,2017-10-02,1,117,403.2975315865997
shares_called_away,2017-11-06,1,117,
sell_put,2017-12-04,1,120,149.68817392046924
put_expired,2018-01-08,1,120,149.68817392046924
sell_put,2018-02-02,1,149,212.09227931864376
put_expired,2018-03-07,1,149,212.09227931864376
sell_put,2018-03-19,1,153,703.6373285352461
put_assigned,2018-04-23,1,153,
sell_call,2018-04-23,1,153,1243.574429968679
roll_call,2018-05-29,1,153,0.0003248622372210795
roll_call,2018-07-02,1,153,4.900824462399616e-8
roll_call,2018-08-06,1,153,7.05056088260848e-9
roll_call,2018-09-10,1,153,7.590233760983494e-9
roll_call,2018-10-15,1,153,5.408361376196684e-8
roll_call,2018-11-19,1,153,0.00017545965086004123
roll_call,2018-12-24,1,153,0.000011488142487952292
roll_call,2019-01-28,1,153,0.009037314840551501
roll_call,2019-03-04,1,153,0.005616546308997994
roll_call,2019-04-08,1,153,2.730952138814836e-9
roll_call,2019-05-13,1,153,3.647046951561928e-12
roll_call,2019-06-17,1,153,0.0000012745073114411254
roll_call,2019-07-22,1,153,0.00015518503828029857
roll_call,2019-08-26,1,153,0.0001686770513745171
roll_call,2019-09-30,1,153,0.00011809817813557632
roll_call,2019-11-04,1,153,0.003530742282344384
roll_call,2019-12-09,1,153,3.9973314493631966e-7
roll_call,2020-01-13,1,153,0.002072265489601495
roll_call,2020-02-18,1,153,4.246747178624588
roll_call,2020-03-23,1,153,0.5447720583715892
roll_call,2020-04-27,1,153,56.472544513771304
roll_call,2020-06-01,1,153,214.1240547672778
roll_call,2020-07-06,1,153,223.18704385580457
roll_call,2020-08-10,1,153,300.3088077014141
roll_call,2020-09-14,1,153,518.9449946765351
roll_call,2020-10-19,1,153,957.5140960010679
roll_call,2020-11-23,1,153,1376.8062798238211
shares_called_away,2020-12-28,1,153,
sell_put,2021-01-29,1,83,371.5491636093951
put_expired,2021-03-03,1,83,371.5491636093951
sell_put,2021-03-03,1,78,374.00869614328053
put_expired,2021-04-05,1,78,374.00869614328053
sell_put,2021-05-04,1,92,488.6385103613787
put_expired,2021-06-07,1,92,488.6385103613787
sell_put,2021-08-18,1,119,151.182298151587
put_expired,2021-09-20,1,119,151.182298151587
sell_put,2021-09-20,1,123,163.55832396953716
put_expired,2021-10-25,1,123,163.55832396953716
sell_put,2021-12-01,1,143,422.5337347613376
put_expired,2022-01-03,1,143,422.5337347613376
sell_put,2022-01-05,1,137,549.9165835370363
put_assigned,2022-02-07,1,137,
assignment_stop_loss,2022-02-07,1,,
sell_put,2023-02-21,1,21,149.18854082607967
put_expired,2023-03-27,1,21,149.18854082607967
sell_put,2023-04-25,1,23,103.3539584394374
put_expired,2023-05-30,1,23,103.3539584394374
sell_put,2023-08-04,1,38,125.56354959304113
put_expired,2023-09-06,1,38,125.56354959304113
sell_put,2023-09-15,1,37,128.6476508822817
put_assigned,2023-10-18,1,37,
sell_call,2023-10-18,1,37,224.65944909480663
shares_called_away,2023-11-20,1,37,
sell_put,2024-01-03,1,43,130.99743914762348
put_expired,2024-02-05,1,43,130.99743914762348
sell_put,2024-03-15,1,53,152.91759576067358
put_expired,2024-04-17,1,53,152.91759576067358
sell_put,2024-04-17,1,49,141.43151819812445
put_expired,2024-05-20,1,49,141.43151819812445
sell_put,2024-07-17,1,68,187.7655687596743
put_expired,2024-08-19,1,68,187.7655687596743
sell_put,2024-09-03,1,57,296.8301265645877
put_expired,2024-10-07,1,57,296.8301265645877
sell_put,2024-10-31,1,64,284.84164116307403
put_expired,2024-12-03,1,64,284.84164116307403
sell_put,2024-12-18,1,76,265.0708727816749
put_expired,2025-01-21,1,76,265.0708727816749
sell_put,2025-01-27,1,73,317.5673299829537
put_assigned,2025-03-03,1,73,
sell_call,2025-03-03,1,73,434.2147526889846
roll_call,2025-04-07,1,73,10.998640903525668
roll_call,2025-05-12,1,73,726.4200312955019
shares_called_away,2025-06-16,1,73,
sell_put,2025-08-01,1,76,177.36426135946778
put_expired,2025-09-03,1,76,177.36426135946778
sell_put,2025-10-10,1,89,179.6356298499827
put_expired,2025-11-12,1,89,179.6356298499827
sell_put,2025-11-13,1,96,287.0990200909638
put_assigned,2025-12-16,1,96,
sell_call,2025-12-16,1,96,0.07909056272211896
